xx,yy,zz,label
12.3271,23.1532,-16.3408,Stroke
12.8534,27.3184,-12.0829,Stroke
14.3891,33.2862,-7.02115,Stroke
21.19,35.8092,-1.20131,Stroke
11.8092,32.658,-12.0005,Stroke
19.7076,40.7698,3.32541,Stroke
23.1995,35.3373,7.75627,Stroke
22.8581,38.1193,7.18485,Stroke
21.2943,40.968,7.89423,Stroke
26.2241,37.6211,12.4652,Stroke
28.8116,33.4798,12.0987,Stroke
24.178,37.2846,8.75052,Stroke
29.2151,36.8393,14.1088,Stroke
28.1833,36.4313,12.6115,Stroke
28.7869,35.915,12.2292,Stroke
26.2343,36.9453,12.3565,Stroke
28.1712,34.6937,13.2816,Stroke
28.9978,35.9257,15.1576,Stroke
29.8126,35.9455,13.8258,Stroke
29.5107,33.5948,13.9892,Stroke
29.51,34.459,13.2888,Stroke
30.3978,33.3989,14.9067,Stroke
31.6984,31.0196,13.929,Stroke
28.4252,36.3148,12.2175,Stroke
30.3635,32.5248,15.4389,Stroke
33.9123,26.3968,15.3542,Stroke
33.6683,26.8581,15.0862,Stroke
31.1472,31.8066,13.8093,Stroke
32.1521,29.3891,15.3422,Stroke
33.1903,27.6413,15.7548,Stroke
27.8888,37.1834,11.77,Stroke
26.8964,36.6791,12.2866,Stroke
28.9684,34.4904,13.2685,Stroke
28.9618,37.8194,11.8148,Stroke
29.0144,38.5676,13.954,Stroke
29.6663,33.0649,13.0543,Stroke
29.3235,34.8379,15.4341,Stroke
30.1871,33.3393,14.2018,Stroke
29.7352,31.9938,13.706,Stroke
30.1535,37.2084,16.8015,Stroke
30.962,32.1208,16.0968,Stroke
30.1483,31.6701,15.0811,Stroke
27.6965,35.5779,12.8693,Stroke
27.5186,35.0583,12.4876,Stroke
31.2273,36.6901,15.6601,Stroke
29.4522,37.3897,15.0096,Stroke
29.4873,31.7261,13.0251,Stroke
30.3413,32.4465,14.3945,Stroke
31.227,30.6448,11.1349,Stroke
24.9297,40.9887,9.91362,Stroke
26.8446,37.039,11.337,Stroke
23.3432,37.8908,9.00812,Stroke
29.535,34.0531,12.0912,Stroke
28.1883,37.2327,13.2437,Stroke
30.9692,34.8393,13.051,Stroke
25.5828,37.9639,11.1836,Stroke
29.0024,36.6627,12.3825,Stroke
27.6792,39.0851,13.1653,Stroke
28.0673,35.534,10.9304,Stroke
27.1166,37.2664,11.1514,Stroke
22.7513,42.3277,8.76132,Stroke
22.7125,42.0249,8.89859,Stroke
23.9641,38.0831,10.7462,Stroke
29.7548,37.6916,13.664,Stroke
28.998,35.1673,11.332,Stroke
22.7104,41.1797,10.0075,Stroke
26.5274,38.2867,11.6043,Stroke
27.8958,40.128,11.5679,Stroke
28.0367,35.7028,12.4517,Stroke
28.4597,34.5598,10.7329,Stroke
26.0901,39.4981,11.9664,Stroke
28.6225,38.0108,13.6984,Stroke
27.9718,37.9703,12.3745,Stroke
26.5289,39.6888,11.1954,Stroke
28.8873,38.3784,13.0674,Stroke
28.5408,35.3368,13.9086,Stroke
31.1013,35.9375,14.395,Stroke
28.9757,35.5095,11.4875,Stroke
22.9939,42.9356,10.2484,Stroke
28.7111,36.4851,11.9263,Stroke
32.3512,32.6934,14.2476,Stroke
26.4941,36.1447,10.8671,Stroke
26.305,38.4248,10.6168,Stroke
25.2526,37.8206,11.3699,Stroke
28.464,39.4475,13.1648,Stroke
27.4848,35.0176,11.9633,Stroke
29.0258,32.9691,14.0872,Stroke
30.6,29.0004,14.8628,Stroke
29.1434,31.6427,14.4661,Stroke
48.7045,-24.3224,-22.4424,Stroke
53.7827,-23.11,-15.8434,Stroke
54.033,-20.6349,-13.1716,Stroke
58.4585,-15.0986,-7.28949,Stroke
51.6734,-16.1543,-11.0731,Stroke
54.4494,-17.7772,-9.50838,Stroke
53.5454,-19.717,-11.8097,Stroke
48.9021,-24.2949,-21.6222,Stroke
50.0586,-21.1504,-16.3164,Stroke
57.94,-11.9641,-3.33276,Stroke
54.6081,-21.3104,-13.7039,Stroke
50.115,-20.01,-14.7296,Stroke
54.8134,-17.7914,-9.52848,Stroke
54.8077,-17.9181,-9.51216,Stroke
54.3744,-13.9736,-7.31289,Stroke
53.7612,-19.1539,-11.5997,Stroke
55.7307,-19.2083,-9.96823,Stroke
53.938,-17.8918,-10.4774,Stroke
54.706,-14.5744,-6.58587,Stroke
52.1189,-18.9144,-13.05,Stroke
56.5493,-10.9789,-2.44157,Stroke
54.4971,-13.6116,-6.80012,Stroke
53.6768,-13.8712,-7.55419,Stroke
55.731,-18.5218,-9.8102,Stroke
53.5713,-13.6125,-8.43822,Stroke
53.1121,-20.5319,-13.5398,Stroke
51.0156,-21.3576,-16.426,Stroke
47.8965,-22.774,-19.8061,Stroke
53.04,-16.6,-8.57989,Stroke
59.6151,-16.618,-5.84453,Stroke
50.5938,-16.3053,-11.6576,Stroke
54.6493,-17.3565,-9.72942,Stroke
57.2123,-12.4516,-3.9365,Stroke
53.0669,-21.2191,-14.2854,Stroke
47.2514,-23.4921,-21.6934,Stroke
52.5452,-19.7952,-12.7283,Stroke
52.268,-21.8154,-15.5019,Stroke
46.6839,-22.9594,-21.6803,Stroke
53.8676,-20.6624,-12.7504,Stroke
49.8803,-21.2215,-16.8073,Stroke
51.412,-19.0943,-13.5495,Stroke
53.9813,-15.7324,-8.80113,Stroke
49.2393,-21.4811,-17.1392,Stroke
48.0231,-21.7357,-19.4647,Stroke
51.4864,-21.5917,-15.5433,Stroke
48.1797,-20.9958,-17.3579,Stroke
49.8977,-16.3282,-11.119,Stroke
51.5469,-18.2361,-10.7587,Stroke
54.3961,-18.7327,-11.1251,Stroke
48.9219,-22.5891,-18.8076,Stroke
50.015,-21.4594,-18.0038,Stroke
47.6216,-23.9791,-21.7221,Stroke
48.6503,-22.8544,-19.905,Stroke
51.3498,-21.3806,-15.9202,Stroke
49.8444,-19.7309,-14.2986,Stroke
53.8411,-18.4811,-10.206,Stroke
49.2243,-23.2709,-18.8379,Stroke
50.931,-22.0352,-17.3807,Stroke
49.9946,-21.5673,-15.6869,Stroke
50.5429,-22.1149,-14.8708,Stroke
49.7533,-22.7441,-16.8974,Stroke
52.4428,-21.2712,-14.5617,Stroke
51.1352,-20.2874,-15.0592,Stroke
49.1975,-22.0899,-18.4814,Stroke
49.5526,-22.4784,-16.3824,Stroke
44.4262,-26.0423,-26.0595,Stroke
47.8362,-25.9614,-23.7511,Stroke
46.8197,-26.4973,-24.6638,Stroke
48.4824,-20.5393,-16.5156,Stroke
54.2219,-18.0388,-10.3818,Stroke
48.367,-24.3003,-20.7824,Stroke
45.4365,-23.6892,-23.8687,Stroke
45.5966,-22.2016,-20.4959,Stroke
49.0217,-21.7513,-16.6996,Stroke
46.4409,-19.5385,-18.2158,Stroke
52.0303,-21.3503,-14.9685,Stroke
45.5898,-25.2291,-24.5248,Stroke
46.0524,-22.7163,-21.8331,Stroke
49.7585,-23.0561,-17.4244,Stroke
51.7051,-23.0383,-16.8591,Stroke
44.6449,-20.9692,-21.1641,Stroke
54.5793,-18.6099,-10.9138,Stroke
44.6811,-25.2086,-26.1627,Stroke
49.5976,-24.547,-19.7358,Stroke
47.8845,-25.4154,-24.088,Stroke
46.058,-20.6024,-20.6468,Stroke
54.6024,-14.9626,-6.87305,Stroke
53.4441,-17.48,-10.7283,Stroke
51.5734,-17.801,-11.7416,Stroke
52.498,-20.4798,-12.5852,Stroke
53.9787,17.8584,11.2382,Stroke
57.2544,7.36109,6.69019,Stroke
50.6048,22.1443,11.6202,Stroke
50.0711,25.5141,11.6821,Stroke
51.869,17.3043,11.0693,Stroke
51.1081,20.9675,11.2261,Stroke
49.2629,24.0669,12.2098,Stroke
49.1918,24.3584,12.8601,Stroke
49.526,23.9932,11.0517,Stroke
49.3395,25.3795,13.3036,Stroke
53.8359,18.9268,9.95707,Stroke
50.5035,19.138,10.0734,Stroke
49.5842,24.5729,12.0991,Stroke
52.8612,21.2488,11.6534,Stroke
52.325,16.3267,11.5971,Stroke
52.0871,18.8318,10.9706,Stroke
54.5421,13.8656,13.1856,Stroke
52.8211,18.5585,12.8036,Stroke
53.6618,12.6836,10.3558,Stroke
54.9676,14.5809,13.2562,Stroke
56.689,10.4404,10.6178,Stroke
56.513,4.79066,6.30201,Stroke
51.4212,19.3717,12.4634,Stroke
52.4718,20.0047,14.5109,Stroke
48.8784,21.2476,12.4247,Stroke
47.9535,24.8315,12.1595,Stroke
51.0954,21.8244,13.7313,Stroke
51.781,20.7955,11.7726,Stroke
48.5681,24.4585,14.7092,Stroke
47.9533,29.4375,13.1884,Stroke
54.9757,15.0841,12.3925,Stroke
57.2082,10.9563,12.2161,Stroke
55.2302,17.5217,14.5848,Stroke
54.0079,18.0663,14.4155,Stroke
50.3243,20.4561,13.702,Stroke
51.8592,20.098,12.9894,Stroke
50.2313,22.6796,15.2573,Stroke
47.4722,25.8058,13.0517,Stroke
50.7246,21.0349,15.0301,Stroke
47.8187,28.0273,15.055,Stroke
48.813,27.1808,14.3871,Stroke
51.5652,19.7059,13.6053,Stroke
42.8964,33.6883,12.7039,Stroke
49.7923,23.8155,12.5015,Stroke
54.0203,16.2815,13.9707,Stroke
50.3884,19.9001,11.6455,Stroke
49.1239,25.851,13.7512,Stroke
49.9754,25.8628,14.5866,Stroke
49.7632,21.0241,14.6804,Stroke
46.1213,29.1541,12.2465,Stroke
51.381,22.5617,12.5291,Stroke
55.0387,13.1771,10.7629,Stroke
51.3046,19.5415,12.0766,Stroke
49.2146,23.7416,13.3885,Stroke
55.2502,14.4588,13.156,Stroke
51.6238,20.5372,14.1073,Stroke
48.0819,24.8283,13.0093,Stroke
47.9287,25.1024,12.6634,Stroke
50.067,22.7193,14.6315,Stroke
51.1704,17.7381,12.6698,Stroke
51.043,22.2859,13.5876,Stroke
51.9148,18.8729,13.2028,Stroke
49.6615,21.3935,13.8963,Stroke
51.338,22.2779,15.0654,Stroke
44.3902,28.7042,13.3957,Stroke
45.3676,25.9894,10.3929,Stroke
50.6552,22.1108,14.1052,Stroke
52.0936,19.6987,13.2371,Stroke
52.6051,17.6352,12.9735,Stroke
52.449,19.6837,14.0674,Stroke
46.3119,28.0541,13.8907,Stroke
48.0053,25.9079,13.596,Stroke
48.8304,18.6952,11.4969,Stroke
46.5087,25.0997,10.7798,Stroke
44.2975,31.2163,14.0678,Stroke
47.9243,24.9335,14.3701,Stroke
49.0824,24.1905,15.1962,Stroke
45.7881,26.655,14.6602,Stroke
47.9644,24.1491,14.9991,Stroke
48.3429,17.9626,14.1267,Stroke
49.0448,23.3106,14.0398,Stroke
52.4961,16.1477,14.712,Stroke
51.1977,20.0107,15.7036,Stroke
53.0104,17.1131,13.6973,Stroke
52.8393,15.0888,13.0692,Stroke
52.7751,17.8426,14.5474,Stroke
42.5589,-0.429616,-23.0927,Stroke
28.7324,6.35038,-35.8465,Stroke
21.3401,31.3651,-27.8551,Stroke
24.2037,51.222,-10.6172,Stroke
26.9817,59.5104,-1.27009,Stroke
29.6744,57.8596,5.10519,Stroke
35.58,48.2503,7.44736,Stroke
34.4591,48.8227,7.17067,Stroke
27.3584,63.3034,2.15182,Stroke
30.8656,58.8234,6.5838,Stroke
39.7246,48.5834,10.8903,Stroke
37.667,45.5216,6.78829,Stroke
33.5704,52.608,9.0303,Stroke
34.8981,53.1339,8.92889,Stroke
39.1878,48.5461,10.6258,Stroke
33.1953,52.8601,7.13481,Stroke
39.9122,48.2215,11.6229,Stroke
35.1291,50.4334,9.06948,Stroke
39.0364,47.2319,10.8639,Stroke
45.3583,37.4796,13.1479,Stroke
35.5327,49.7025,8.55873,Stroke
36.9388,50.4177,10.3558,Stroke
34.467,51.228,8.20765,Stroke
35.8864,52.3271,10.4821,Stroke
42.7362,42.2194,12.5637,Stroke
38.159,47.2702,9.90777,Stroke
35.8004,49.6406,8.75299,Stroke
37.8021,50.3131,11.477,Stroke
35.5175,52.7736,10.142,Stroke
37.1266,49.6042,9.46928,Stroke
38.6383,50.2108,11.1337,Stroke
38.0726,44.3969,8.52006,Stroke
41.278,47.4072,12.325,Stroke
41.0362,44.4064,10.1485,Stroke
36.2981,52.5469,9.84853,Stroke
35.9991,53.7669,9.47034,Stroke
37.8335,48.9336,11.367,Stroke
45.8771,38.5189,13.3324,Stroke
44.529,39.4287,14.0177,Stroke
38.6642,49.9555,11.9412,Stroke
40.5074,44.4355,11.9357,Stroke
39.1395,48.9285,12.5908,Stroke
40.6923,45.1962,11.5024,Stroke
40.0571,46.7481,11.4224,Stroke
44.7323,45.2956,15.081,Stroke
45.3605,36.4539,13.4818,Stroke
44.9225,37.0813,12.3546,Stroke
44.5885,39.9949,12.7469,Stroke
45.4212,38.928,14.2974,Stroke
45.1213,37.8001,12.8932,Stroke
45.5083,34.8326,13.2709,Stroke
50.5833,34.7645,13.8436,Stroke
44.994,35.9695,12.1113,Stroke
45.6386,37.1884,13.516,Stroke
49.1865,32.3776,13.2691,Stroke
44.8552,37.7455,13.1161,Stroke
42.6922,44.8631,13.5927,Stroke
45.249,37.166,13.519,Stroke
44.0562,40.8776,12.5009,Stroke
44.9412,39.1932,13.2892,Stroke
46.4947,35.4833,13.5951,Stroke
42.801,41.4699,13.1086,Stroke
46.1364,33.4961,12.7813,Stroke
43.0004,42.7395,13.722,Stroke
44.2695,35.2423,12.9206,Stroke
41.7878,43.5861,14.1287,Stroke
45.4087,36.8954,13.2143,Stroke
44.1594,40.4247,12.7656,Stroke
38.7229,49.4782,11.9191,Stroke
47.9469,34.8107,13.4258,Stroke
45.7551,38.0718,13.2772,Stroke
44.3892,39.0384,14.3501,Stroke
43.6985,42.525,12.7314,Stroke
49.9039,35.114,13.056,Stroke
51.7273,27.0317,12.0769,Stroke
51.1238,33.3943,15.1042,Stroke
50.642,32.9002,14.3865,Stroke
48.9728,32.4879,11.8863,Stroke
49.2907,31.6247,15.8995,Stroke
44.6161,40.5401,13.1501,Stroke
48.3585,33.0072,14.5458,Stroke
43.2298,38.3792,12.4219,Stroke
47.2924,34.8148,14.8463,Stroke
44.4648,38.1792,12.4283,Stroke
46.9004,39.1657,9.81933,Stroke
57.652,14.0519,11.3427,Stroke
50.9034,29.133,14.7886,Stroke
52.3157,25.8857,14.4245,Stroke
44.1985,38.963,12.5739,Stroke
48.0911,29.6003,13.2746,Stroke
44.7973,37.0398,12.3005,Stroke
26.3061,28.3414,9.01292,Stroke
26.0156,30.5962,13.148,Stroke
23.626,26.4622,6.45587,Stroke
25.8042,27.2074,8.75628,Stroke
25.5657,23.4031,10.5006,Stroke
25.7885,28.1949,7.99768,Stroke
25.7016,27.8421,9.30008,Stroke
23.1915,28.7163,6.47329,Stroke
24.4161,28.1093,7.45184,Stroke
26.9884,26.0202,8.5036,Stroke
23.9764,34.2654,9.25568,Stroke
24.5178,29.3946,8.50856,Stroke
25.0921,28.0207,6.71158,Stroke
24.7833,24.6439,7.54651,Stroke
24.1356,33.3673,6.85602,Stroke
19.6043,40.7561,4.81737,Stroke
19.8928,37.5797,2.38116,Stroke
24.5715,27.0855,7.25955,Stroke
20.3372,36.1995,8.16323,Stroke
16.8599,36.5641,2.52059,Stroke
20.6453,30.9853,1.7806,Stroke
14.3725,36.8318,2.34319,Stroke
25.8279,27.4396,7.51892,Stroke
22.7209,36.3413,6.05882,Stroke
17.033,38.8234,3.34301,Stroke
24.1989,33.0327,10.4876,Stroke
22.5149,33.4743,7.9112,Stroke
26.4871,28.0721,9.45443,Stroke
25.6483,26.9558,9.85893,Stroke
27.1708,27.5194,10.1839,Stroke
25.8393,31.4647,7.42725,Stroke
26.8368,26.6014,6.50944,Stroke
26.4198,26.9584,8.93549,Stroke
25.7569,28.9619,9.1009,Stroke
26.4811,25.7115,9.12965,Stroke
26.2256,30.3966,10.0722,Stroke
23.6621,27.0637,3.56136,Stroke
26.3883,27.9074,11.3273,Stroke
28.3512,25.7143,14.0887,Stroke
23.3821,35.5021,6.23413,Stroke
27.5221,24.8235,12.574,Stroke
27.0477,26.1448,10.5526,Stroke
27.0467,25.4258,10.0383,Stroke
25.2632,31.2747,8.47329,Stroke
27.4221,24.4287,11.8795,Stroke
26.2594,25.4579,10.0794,Stroke
27.4613,29.6116,8.35988,Stroke
26.1283,24.8696,9.39797,Stroke
28.0158,26.045,7.37855,Stroke
26.2636,30.6212,8.68125,Stroke
23.9186,30.2911,4.69087,Stroke
27.2822,22.6818,10.7431,Stroke
25.3417,31.84,7.68781,Stroke
26.0829,23.9408,9.33075,Stroke
26.9131,23.4301,12.5161,Stroke
27.7933,26.1525,11.0643,Stroke
27.9871,21.6501,10.6766,Stroke
31.6836,18.7603,13.5446,Stroke
16.4372,44.0145,-0.983642,Stroke
11.1191,45.2522,-4.81501,Stroke
22.4962,31.4562,10.2971,Stroke
29.8325,20.2602,12.821,Stroke
27.3104,21.6093,10.4926,Stroke
27.9246,22.0693,9.60371,Stroke
25.0823,30.1749,7.14491,Stroke
27.7285,27.2131,9.04268,Stroke
27.0786,21.9543,11.7365,Stroke
24.4667,30.7391,6.56738,Stroke
26.4626,28.8363,7.90358,Stroke
28.3818,27.0416,9.94324,Stroke
23.3772,33.3622,5.44268,Stroke
21.5448,31.2795,5.52599,Stroke
23.5179,32.673,8.78817,Stroke
28.0222,24.0783,13.0685,Stroke
25.154,-3.97513,-22.8289,Stroke
21.5361,4.21517,-26.7497,Stroke
16.8123,13.3454,-20.813,Stroke
13.3845,32.3963,-10.2908,Stroke
13.7245,15.7485,-19.6174,Stroke
18.2709,43.1738,-1.27446,Stroke
18.5328,42.2438,-1.77848,Stroke
18.9268,40.7444,0.260159,Stroke
18.5096,43.7243,1.27075,Stroke
22.3557,38.1557,5.55938,Stroke
27.1613,33.513,8.33839,Stroke
27.9535,29.4465,8.7944,Stroke
27.9256,30.6877,9.73031,Stroke
27.4592,27.146,6.06685,Stroke
29.3249,28.3193,9.35648,Stroke
24.7592,34.873,5.90587,Stroke
24.4219,36.9229,8.31077,Stroke
19.8178,43.2746,2.45692,Stroke
24.7838,32.5716,8.02591,Stroke
18.2477,40.735,1.23175,Stroke
23.5397,37.4739,3.85789,Stroke
21.004,41.0521,2.11302,Stroke
20.2783,40.2756,2.96806,Stroke
22.0465,38.5998,4.83879,Stroke
23.999,35.0655,5.0226,Stroke
21.9477,42.9002,1.13272,Stroke
22.2968,42.8439,-0.547155,Stroke
18.4149,44.5254,-2.09572,Stroke
14.3605,44.5154,-3.40791,Stroke
15.4612,45.6964,-1.80946,Stroke
17.9224,45.4033,0.849598,Stroke
21.4621,39.5449,3.21978,Stroke
19.7052,40.3417,-0.643892,Stroke
12.2166,30.0925,-15.0163,Stroke
21.8794,38.8608,4.52445,Stroke
20.1837,41.8242,5.09242,Stroke
18.6529,40.1523,-0.340056,Stroke
16.5606,48.1093,1.17215,Stroke
22.4754,37.083,6.48694,Stroke
18.4565,41.6101,2.65559,Stroke
18.2309,43.9441,0.219485,Stroke
22.6153,38.4252,3.06378,Stroke
15.4725,41.9617,-2.45727,Stroke
18.7298,44.3616,-0.998365,Stroke
16.8369,43.1272,-0.277453,Stroke
21.4537,41.108,4.88781,Stroke
21.5679,41.5836,1.79883,Stroke
18.7901,45.4031,5.13423,Stroke
22.8183,39.8503,3.72459,Stroke
19.376,41.014,-0.821982,Stroke
19.5192,43.6756,0.154707,Stroke
16.1093,44.0083,-2.86985,Stroke
18.3553,45.8441,1.44608,Stroke
20.8638,42.2564,-0.240068,Stroke
17.5078,41.2555,-3.1357,Stroke
17.8683,38.1439,-5.94907,Stroke
11.4856,42.5292,-7.34794,Stroke
21.6873,38.4845,0.875833,Stroke
19.3042,42.5593,-0.131549,Stroke
14.0098,42.9894,-2.29668,Stroke
21.0358,41.0233,1.16991,Stroke
11.042,37.4417,-8.66042,Stroke
19.1854,39.4501,1.26341,Stroke
24.0581,33.9129,0.717619,Stroke
15.9585,43.011,-3.73183,Stroke
23.6977,33.1445,3.81604,Stroke
15.5914,36.8201,-7.43688,Stroke
21.901,36.2136,6.46907,Stroke
22.4893,36.5565,6.47886,Stroke
18.2575,43.064,-0.760686,Stroke
17.3252,43.2755,-1.10544,Stroke
21.1579,41.3887,6.18941,Stroke
19.2897,42.4844,4.28907,Stroke
21.3221,37.3521,5.85928,Stroke
21.5034,39.234,4.0296,Stroke
11.8986,21.5678,-15.892,Stroke
20.4601,40.1087,4.28167,Stroke
26.2754,9.27479,-12.8265,Stroke
27.4339,5.44666,-20.9038,Stroke
25.7246,0.998533,-22.4427,Stroke
20.3368,6.12597,-24.1485,Stroke
17.4083,5.61791,-30.596,Stroke
11.9484,26.4535,-16.7856,Stroke
10.9009,29.7128,-17.423,Stroke
12.6683,37.7318,-11.3238,Stroke
14.425,40.8423,-8.01481,Stroke
14.9001,34.155,-12.6747,Stroke
16.4112,41.2129,-5.70038,Stroke
11.9141,25.9375,-19.9782,Stroke
13.679,37.0177,-12.7716,Stroke
17.0828,37.6223,-6.81476,Stroke
15.9984,41.8461,-4.04407,Stroke
14.7373,27.4421,-15.4645,Stroke
12.8648,25.408,-19.7687,Stroke
14.9313,35.7954,-11.0218,Stroke
17.5815,40.7534,-4.78465,Stroke
14.5048,38.9278,-8.96348,Stroke
16.4857,41.1114,-4.1989,Stroke
16.7191,39.0923,-8.5782,Stroke
14.4979,30.1673,-13.1207,Stroke
15.8159,39.6574,-7.56915,Stroke
9.87636,29.367,-18.8913,Stroke
13.71,38.121,-9.58978,Stroke
16.4628,32.5155,-10.8225,Stroke
11.1543,8.30549,-32.6323,Stroke
13.8325,43.1652,-8.85524,Stroke
15.1849,34.2744,-13.4967,Stroke
16.0513,41.2937,-7.16213,Stroke
17.4939,34.9471,-10.2843,Stroke
14.7855,29.7861,-18.0033,Stroke
7.86482,20.4966,-27.7794,Stroke
13.2883,39.8031,-11.4113,Stroke
14.1202,25.3855,-20.3605,Stroke
12.6894,11.0481,-32.2479,Stroke
11.1339,15.3862,-29.6715,Stroke
11.5599,14.8944,-29.8598,Stroke
13.137,18.2214,-23.5092,Stroke
12.4188,16.9279,-25.5421,Stroke
12.7779,24.7205,-20.9081,Stroke
13.667,34.1697,-13.9256,Stroke
13.0077,24.469,-19.7976,Stroke
15.1899,26.428,-17.8159,Stroke
14.2323,21.4845,-21.298,Stroke
13.2614,11.3819,-28.7059,Stroke
12.2315,12.3643,-28.8419,Stroke
12.7992,34.2005,-12.8919,Stroke
15.3013,27.1502,-14.7322,Stroke
17.4663,27.4717,-13.8587,Stroke
12.5899,28.1447,-17.4555,Stroke
15.2503,40.9207,-8.80943,Stroke
13.573,36.3873,-13.3178,Stroke
16.7478,45.6796,-4.23951,Stroke
14.7041,21.6772,-21.4731,Stroke
11.5142,21.59,-24.8278,Stroke
14.2494,39.6867,-9.60172,Stroke
14.9768,40.2904,-11.0013,Stroke
18.0769,37.6351,-8.95737,Stroke
14.0571,33.762,-13.1531,Stroke
12.6405,19.1946,-23.6932,Stroke
12.5372,37.6809,-11.8729,Stroke
15.8074,38.5736,-8.95558,Stroke
16.8713,38.4919,-8.93514,Stroke
12.8877,25.068,-19.4547,Stroke
17.6569,36.472,-10.2866,Stroke
9.44611,5.54538,-34.2854,Stroke
14.9163,35.3966,-12.1659,Stroke
11.0605,34.7935,-15.8537,Stroke
15.0597,25.6036,-18.3767,Stroke
13.5089,23.4394,-20.4103,Stroke
15.5262,32.8728,-11.547,Stroke
15.3267,39.6748,-9.67624,Stroke
25.2108,7.51129,-7.51608,healthy control
28.1564,7.97671,-7.18128,healthy control
25.9787,7.77911,-9.05113,healthy control
25.2422,9.70696,-8.47056,healthy control
22.8023,12.4276,-6.04203,healthy control
27.1722,9.62089,-3.75769,healthy control
21.8083,13.1687,-8.32447,healthy control
27.0363,-3.35263,-25.6729,healthy control
20.7976,-4.58396,-33.9919,healthy control
22.2665,-5.3056,-30.0944,healthy control
23.6249,-5.77278,-29.6069,healthy control
23.0615,-2.1894,-29.474,healthy control
22.0477,-1.80605,-32.5795,healthy control
21.4953,-3.82575,-32.3307,healthy control
20.2769,-2.51901,-33.1625,healthy control
21.7944,-1.18564,-31.7616,healthy control
19.0015,42.7974,-6.28478,healthy control
14.5571,31.4662,-17.1339,healthy control
18.0109,24.9177,-20.0152,healthy control
11.8507,18.4437,-25.7879,healthy control
18.6852,40.0789,-8.33957,healthy control
15.4693,26.0562,-19.7932,healthy control
15.5859,26.1437,-21.036,healthy control
19.0414,35.3214,-12.0974,healthy control
20.7912,29.485,-16.3583,healthy control
19.5396,15.1441,-26.7443,healthy control
32.6298,42.4758,16.252,healthy control
31.6684,45.8757,14.2289,healthy control
32.656,41.0994,16.1483,healthy control
34.528,38.9955,17.7865,healthy control
33.6723,40.5499,17.4012,healthy control
31.6362,43.7056,14.8246,healthy control
31.0043,41.9533,15.4445,healthy control
33.1723,37.3436,17.4335,healthy control
35.9624,31.4094,17.08,healthy control
33.3189,37.0413,16.8283,healthy control
35.115,34.3882,16.2876,healthy control
49.749,-9.71666,4.8848,healthy control
39.6184,-23.9408,-12.594,healthy control
40.4561,-23.5959,-11.4399,healthy control
43.2206,-19.3039,-5.98364,healthy control
45.2148,-20.2505,-3.54371,healthy control
44.6631,-23.0249,-7.48503,healthy control
45.6365,-16.218,-0.590584,healthy control
44.807,-16.7232,-1.53085,healthy control
46.2836,-15.9014,-1.2958,healthy control
44.8763,-16.9818,-1.52416,healthy control
40.0729,-23.673,-11.4294,healthy control
43.65,-19.6489,-5.99318,healthy control
18.7042,-31.7436,-38.2474,healthy control
16.4183,-30.0796,-40.1161,healthy control
14.9822,-29.6032,-41.5231,healthy control
20.238,-30.9577,-36.5846,healthy control
13.3485,-28.0329,-41.3603,healthy control
17.9836,-30.674,-37.737,healthy control
12.5541,-28.5336,-43.4776,healthy control
12.6857,-28.2815,-44.5522,healthy control
19.6895,-31.057,-36.397,healthy control
15.643,-29.5574,-40.909,healthy control
19.1111,-29.9274,-36.6147,healthy control
13.2105,-28.8151,-42.9828,healthy control
15.2769,-29.538,-40.3378,healthy control
-7.47445,-17.0539,-55.695,healthy control
-12.1818,-13.3135,-56.9909,healthy control
-8.09887,-14.3951,-55.9311,healthy control
-10.8467,-13.5504,-56.6701,healthy control
-9.49852,-14.1493,-55.8642,healthy control
-10.892,-12.6672,-56.872,healthy control
-16.4136,-2.73045,-56.8689,healthy control
-15.3268,-4.48243,-56.0236,healthy control
-16.4019,-4.05439,-55.642,healthy control
-16.983,-0.917903,-56.5221,healthy control
-16.1479,-1.37787,-56.4296,healthy control
-17.1275,0.134017,-56.2238,healthy control
-17.2326,1.12091,-55.3111,healthy control
-15.1984,-4.64645,-55.9523,healthy control
-21.8207,17.0546,-51.8317,healthy control
-23.1227,23.6716,-50.7351,healthy control
-22.2495,19.0724,-51.9683,healthy control
-22.1093,16.5368,-51.9632,healthy control
-22.1081,22.2653,-50.6325,healthy control
-22.7892,27.4982,-48.5719,healthy control
-22.8021,30.0427,-47.7853,healthy control
-22.7162,24.7576,-49.5092,healthy control
-21.765,20.3847,-50.2771,healthy control
-22.3937,23.8701,-50.1723,healthy control
-22.3441,22.198,-50.7217,healthy control
-22.3033,18.3882,-52.074,healthy control
-21.8411,12.4783,-53.5248,healthy control
-22.2943,15.6637,-52.683,healthy control
19.2493,9.2979,-6.83353,healthy control
23.5639,11.7295,-2.01707,healthy control
18.1411,9.73164,-8.48686,healthy control
22.4741,7.56815,-5.2905,healthy control
24.1104,4.87062,-9.12508,healthy control
15.6697,9.0575,-12.0425,healthy control
19.3333,12.9602,-4.35432,healthy control
18.9083,10.2058,-8.65418,healthy control
27.8144,-1.719,-14.8891,healthy control
31.81,1.73215,-11.3468,healthy control
21.3938,0.385009,-25.0315,healthy control
28.4865,-4.23226,-19.1405,healthy control
29.1189,-1.45561,-16.156,healthy control
22.0854,0.846116,-22.3187,healthy control
28.335,-3.96907,-17.478,healthy control
24.9817,-5.61746,-22.6588,healthy control
21.2156,-4.02642,-21.0429,healthy control
13.358,5.24001,-28.9109,healthy control
12.9702,4.27645,-31.9847,healthy control
13.1056,7.05675,-28.5879,healthy control
14.2054,12.4285,-22.8129,healthy control
17.4309,2.22179,-27.0571,healthy control
11.4458,18.482,-20.607,healthy control
9.95724,19.4729,-21.2929,healthy control
11.3141,19.2398,-20.7005,healthy control
13.0571,12.5504,-24.5766,healthy control
23.2529,40.1874,5.59812,healthy control
19.3552,46.8466,1.01222,healthy control
17.279,47.7765,-0.252474,healthy control
18.2886,47.8585,0.0480184,healthy control
17.6341,49.495,0.442653,healthy control
20.4016,46.0553,1.50845,healthy control
14.592,45.4471,-3.61531,healthy control
15.9736,47.1232,-1.48859,healthy control
20.1283,42.5784,-0.106762,healthy control
16.3239,49.4055,-0.291657,healthy control
29.8562,33.6755,12.1354,healthy control
29.4586,33.5358,12.1899,healthy control
31.4155,30.571,12.5725,healthy control
32.0034,25.0877,11.622,healthy control
30.2541,29.5689,11.843,healthy control
31.6834,27.4016,12.6246,healthy control
28.9941,36.4193,11.2365,healthy control
28.8059,32.9359,12.6241,healthy control
28.3914,36.9977,12.6534,healthy control
30.2594,32.8427,12.6084,healthy control
31.3554,30.0327,13.4497,healthy control
41.2485,19.4222,14.4309,healthy control
42.5684,15.3688,13.7732,healthy control
40.7644,15.7454,12.4662,healthy control
40.3715,17.1967,13.9415,healthy control
41.2652,19.8318,13.9148,healthy control
41.6611,18.1113,14.3095,healthy control
42.0789,18.5112,14.783,healthy control
41.985,14.5658,11.9528,healthy control
45.568,4.01181,8.52411,healthy control
43.254,0.882806,4.14462,healthy control
43.2938,12.0891,11.4209,healthy control
42.4344,15.5668,12.0993,healthy control
44.5701,-14.545,-3.05542,healthy control
42.4784,-16.4053,-5.35502,healthy control
45.8803,-14.0591,-1.9971,healthy control
39.2208,-21.2623,-12.0343,healthy control
39.757,-20.997,-12.1774,healthy control
40.173,-19.8835,-8.97245,healthy control
43.9122,-16.6111,-3.97521,healthy control
46.3655,-10.5931,0.461141,healthy control
41.391,-17.8349,-7.18925,healthy control
45.5073,-12.7326,-1.847,healthy control
44.9223,-14.2952,-2.96402,healthy control
40.3644,-20.0283,-9.29386,healthy control
26.8077,-29.3828,-32.8184,healthy control
23.1918,-28.3002,-34.8649,healthy control
21.5056,-28.1302,-36.5894,healthy control
29.971,-28.4674,-28.4527,healthy control
26.8881,-29.4271,-31.8152,healthy control
26.6248,-28.4136,-32.3271,healthy control
22.7924,-29.1135,-34.9387,healthy control
17.0779,-26.031,-40.472,healthy control
22.3692,-27.9592,-35.6328,healthy control
26.6389,-28.7195,-32.3639,healthy control
30.4957,-28.2371,-26.6083,healthy control
29.5326,-28.8634,-30.178,healthy control
24.8652,-28.7306,-35.4856,healthy control
33.5728,1.50588,-23.8501,healthy control
31.7799,1.09925,-21.6087,healthy control
32.6784,3.63469,-17.3505,healthy control
36.8061,1.77044,-16.2497,healthy control
35.0016,4.58943,-12.9519,healthy control
28.0369,0.603112,-23.0293,healthy control
35.4194,5.79043,-13.4544,healthy control
29.3415,2.58355,-21.6581,healthy control
35.7194,0.52816,-17.7226,healthy control
19.0413,30.6149,-20.3037,healthy control
20.2906,6.79561,-35.0289,healthy control
19.3643,36.5738,-16.8636,healthy control
20.2774,18.7463,-31.2885,healthy control
16.5665,34.7338,-21.1935,healthy control
20.6678,28.1616,-21.452,healthy control
19.1408,17.9789,-30.5408,healthy control
24.9426,46.3513,-8.03706,healthy control
22.393,19.7828,-27.6601,healthy control
21.6048,11.3062,-33.9753,healthy control
41.2194,27.3154,9.05802,healthy control
39.5009,26.7293,8.16848,healthy control
37.2648,28.6642,8.89135,healthy control
32.471,39.868,6.82228,healthy control
31.9207,38.936,6.67322,healthy control
40.4394,25.5922,7.28272,healthy control
36.9649,27.7712,7.6057,healthy control
36.6054,32.0034,7.51283,healthy control
33.4301,36.4351,8.19079,healthy control
32.7413,36.912,7.77062,healthy control
32.8772,35.2313,5.30393,healthy control
53.2275,-1.20552,2.06226,healthy control
52.9582,-1.0754,1.92533,healthy control
51.1936,-0.119964,1.16201,healthy control
51.2265,-2.04788,0.00268452,healthy control
50.19,-8.8663,-7.03989,healthy control
51.7346,-6.20399,-5.30915,healthy control
44.3887,-16.9278,-17.1601,healthy control
52.9348,-3.64235,-0.549836,healthy control
51.7905,-6.54816,-3.38522,healthy control
52.0297,-6.01657,-2.1319,healthy control
51.716,-5.00768,-2.07271,healthy control
49.8511,-9.55244,-6.2154,healthy control
29.6995,-24.4572,-33.8004,healthy control
30.2334,-25.4072,-34.8288,healthy control
34.0254,-23.518,-28.6718,healthy control
29.7266,-23.6012,-34.0788,healthy control
34.5215,-22.6045,-27.3949,healthy control
29.0935,-26.1167,-35.9074,healthy control
29.0344,-25.234,-35.7815,healthy control
30.2811,-23.7688,-33.455,healthy control
32.1999,-24.9578,-32.4436,healthy control
32.0235,-23.9507,-31.7582,healthy control
32.0169,-23.5188,-31.0429,healthy control
27.214,-24.0107,-37.2899,healthy control
25.3663,-25.6999,-39.6662,healthy control
1.5963,-8.49838,-50.0248,healthy control
-4.44062,-3.49418,-51.1585,healthy control
0.361975,-9.38468,-51.7165,healthy control
-5.11559,-1.15151,-51.132,healthy control
3.29134,-12.2182,-51.8006,healthy control
-3.32778,-5.33462,-51.8649,healthy control
3.62763,-12.4767,-53.4492,healthy control
3.83722,-12.5628,-51.5496,healthy control
-2.74193,-6.06972,-52.6026,healthy control
4.07538,-13.326,-52.7182,healthy control
-1.53184,-8.48371,-52.6491,healthy control
-2.21661,-7.25737,-53.8597,healthy control
-0.360276,-8.62018,-53.5511,healthy control
1.77023,-10.5927,-53.5767,healthy control
-13.266,17.6891,-51.0146,healthy control
-13.9661,19.3246,-49.5361,healthy control
-13.7597,20.9508,-52.3826,healthy control
-13.6411,23.2285,-49.6446,healthy control
-13.7548,19.0001,-49.8796,healthy control
-14.7282,20.8078,-50.0793,healthy control
-11.6819,11.8319,-50.6997,healthy control
-12.9745,19.4195,-49.8172,healthy control
-15.439,25.0677,-49.6964,healthy control
-13.0508,16.4029,-51.3252,healthy control
-12.4493,18.3902,-48.8381,healthy control
-12.6966,18.2793,-50.8633,healthy control
-12.0601,13.5392,-51.3141,healthy control
-9.40369,3.02199,-52.7955,healthy control
-13.0015,18.0238,-50.3675,healthy control
-9.19797,46.121,-40.1038,healthy control
-9.72548,43.9912,-41.9592,healthy control
-12.8671,42.0548,-44.1383,healthy control
-13.394,36.3484,-46.7792,healthy control
-8.3232,48.7324,-39.0907,healthy control
-13.4207,44.196,-41.9262,healthy control
-14.8896,37.7271,-43.671,healthy control
-11.5962,42.7596,-44.0264,healthy control
-9.29799,45.6072,-40.4938,healthy control
-7.68195,45.8458,-39.0057,healthy control
-9.46387,46.2231,-40.6089,healthy control
-8.60952,40.5628,-44.0433,healthy control
0.37514,50.0162,-35.9251,healthy control
-7.77426,47.3477,-38.9552,healthy control
-12.8693,42.1853,-43.212,healthy control
-10.6869,37.15,-43.9561,healthy control
26.0032,6.70734,-6.69111,healthy control
26.7696,6.20299,-10.7318,healthy control
27.5638,7.91386,-9.90613,healthy control
28.4211,6.27568,-12.0004,healthy control
27.7781,7.96381,-8.71354,healthy control
29.61,5.27395,-11.4661,healthy control
31.9025,-1.52992,-18.4561,healthy control
30.3435,-3.27526,-20.7548,healthy control
20.1638,12.0988,-30.0571,healthy control
20.0697,3.79612,-33.1256,healthy control
17.4622,3.6199,-33.4216,healthy control
16.691,17.5107,-28.6742,healthy control
18.1321,9.57919,-30.8699,healthy control
18.1618,9.23604,-33.3907,healthy control
19.081,10.3059,-29.5361,healthy control
19.8569,12.2767,-27.7202,healthy control
16.0575,18.0487,-28.2327,healthy control
29.1432,38.0315,10.8722,healthy control
23.2447,43.9965,6.84392,healthy control
21.5749,50.6535,7.85283,healthy control
23.6923,44.5085,6.9432,healthy control
23.7848,48.1868,7.6019,healthy control
23.6201,51.0315,6.70012,healthy control
24.5696,50.4595,6.47013,healthy control
22.5024,51.5717,6.33123,healthy control
17.9948,56.1595,-0.636306,healthy control
19.9136,52.4908,2.47832,healthy control
42.5369,24.469,18.4239,healthy control
44.4862,22.0091,17.5735,healthy control
42.0621,10.2786,9.34068,healthy control
38.0883,27.4186,16.0492,healthy control
40.3088,29.4026,18.0181,healthy control
39.7409,25.9055,17.0655,healthy control
43.1082,21.9723,16.5335,healthy control
44.0609,20.8754,18.0672,healthy control
43.5077,22.4172,18.0884,healthy control
47.7985,9.55149,12.9522,healthy control
42.142,17.7591,14.6637,healthy control
50.3657,-5.94617,9.02225,healthy control
34.195,-26.7066,-16.9127,healthy control
37.2388,-24.993,-13.3541,healthy control
30.298,-28.6941,-24.1501,healthy control
42.0511,-19.3551,-4.96599,healthy control
43.5465,-17.556,-2.26173,healthy control
30.3378,-28.9306,-23.5982,healthy control
43.0776,-20.8353,-3.79663,healthy control
41.2406,-21.3443,-6.13295,healthy control
40.2538,-21.4326,-8.44839,healthy control
43.853,-17.244,-0.851564,healthy control
45.5506,-16.2285,1.83011,healthy control
37.588,-22.8593,-11.6045,healthy control
13.8181,-30.3526,-42.516,healthy control
9.68109,-27.4968,-44.608,healthy control
14.9802,-31.3422,-43.2863,healthy control
19.5676,-32.9409,-37.8506,healthy control
23.8114,-32.2542,-32.1032,healthy control
17.547,-29.3882,-35.7006,healthy control
3.64211,-24.0317,-50.3587,healthy control
16.1525,-32.497,-43.3423,healthy control
21.3338,-31.076,-33.4458,healthy control
15.2925,-30.9588,-42.9754,healthy control
15.2728,-30.9823,-42.2647,healthy control
22.2767,-32.0831,-34.6316,healthy control
21.9589,-32.2044,-36.0657,healthy control
-18.8371,14.141,-50.9221,healthy control
-14.4416,-5.08812,-53.9596,healthy control
-18.2644,6.97704,-53.1407,healthy control
-18.4889,9.36953,-53.0898,healthy control
-19.4812,12.6872,-53.1347,healthy control
-18.3493,9.73496,-52.7662,healthy control
-19.4693,14.6194,-51.7401,healthy control
-19.8589,17.6106,-51.8382,healthy control
-18.9911,18.868,-50.6793,healthy control
-19.1892,8.87166,-53.66,healthy control
-15.9739,-2.76646,-57.8437,healthy control
-8.52023,-11.948,-53.638,healthy control
-16.1037,1.30564,-54.3161,healthy control
-14.0844,-4.93407,-55.369,healthy control
-2.57032,50.2735,-29.158,healthy control
-8.41222,54.4923,-29.9138,healthy control
-8.8981,53.9041,-29.6457,healthy control
-14.6824,44.6872,-36.6118,healthy control
-17.5072,51.0185,-33.568,healthy control
-18.1146,36.3256,-42.998,healthy control
-17.7571,43.3076,-37.7403,healthy control
-18.45,37.9512,-41.4368,healthy control
-16.4207,46.1828,-37.2021,healthy control
-11.2511,42.7713,-36.2712,healthy control
-5.89383,51.2159,-28.2633,healthy control
-12.8009,48.3997,-31.816,healthy control
-16.626,46.4259,-35.2764,healthy control
-12.8453,36.9263,-39.4931,healthy control
-1.51174,51.3567,-25.4618,healthy control
-12.3171,50.0287,-30.9809,healthy control
26.656,0.391324,-14.0914,healthy control
27.4234,2.00641,-12.5876,healthy control
29.224,2.85756,-12.1712,healthy control
29.6598,0.682748,-12.9839,healthy control
30.2448,1.20968,-11.4367,healthy control
27.0675,3.60678,-10.5462,healthy control
28.5177,1.27106,-12.627,healthy control
29.7404,-0.182731,-14.726,healthy control
16.084,49.2325,0.774139,healthy control
13.9903,49.7513,1.33642,healthy control
17.4669,50.7833,1.44072,healthy control
18.2019,46.2757,1.75465,healthy control
15.0239,51.0244,1.58174,healthy control
18.6079,46.0457,0.787386,healthy control
18.5572,47.8652,0.699597,healthy control
18.2284,47.6525,0.8494,healthy control
17.1328,49.5492,2.28289,healthy control
20.0474,46.1648,1.8694,healthy control
33.609,23.2888,12.5204,healthy control
31.4423,25.7573,12.6494,healthy control
30.6279,25.6491,12.4318,healthy control
32.482,23.5343,11.7861,healthy control
31.555,23.0494,12.4477,healthy control
32.788,23.8149,12.8475,healthy control
33.9314,22.098,12.6083,healthy control
34.9396,22.899,12.7517,healthy control
37.5218,18.9915,13.4762,healthy control
35.6328,18.6442,13.5412,healthy control
33.7362,22.5559,12.8537,healthy control
23.8012,-27.7002,-27.8447,healthy control
27.109,-25.8259,-23.0173,healthy control
30.5865,-24.4562,-17.8987,healthy control
29.8182,-26.4998,-21.0772,healthy control
23.7954,-26.3997,-26.1853,healthy control
23.1502,-27.2609,-28.6065,healthy control
23.4498,-27.5271,-27.8304,healthy control
25.6863,-26.2327,-25.5313,healthy control
27.1058,-26.2532,-22.7594,healthy control
30.3388,-25.604,-18.8712,healthy control
29.6609,-25.7516,-19.8564,healthy control
29.5963,-25.0943,-19.3388,healthy control
31.6229,-25.2572,-17.2345,healthy control
1.30495,-19.1375,-46.7568,healthy control
0.0590433,-17.8573,-48.6263,healthy control
-7.5961,-11.3154,-50.9059,healthy control
-1.59452,-16.2366,-48.7288,healthy control
-13.0725,-2.20182,-50.1852,healthy control
-7.04734,-12.2665,-50.6262,healthy control
-5.6727,-15.3785,-50.8383,healthy control
-0.116289,-19.1844,-46.9058,healthy control
-5.98591,-13.6707,-50.9355,healthy control
1.38098,-18.9471,-47.0577,healthy control
-4.86169,-14.1796,-49.3289,healthy control
1.71476,-17.5188,-46.1566,healthy control
2.28711,-19.3199,-46.6744,healthy control
-0.577565,-17.4119,-48.3138,healthy control
-18.2461,6.21819,-48.7726,healthy control
-19.9111,11.9583,-48.5788,healthy control
-17.9017,5.78151,-48.763,healthy control
-20.0088,14.2513,-47.3863,healthy control
-19.0181,15.8237,-46.507,healthy control
-18.9877,13.0087,-47.6242,healthy control
-18.7993,4.29368,-49.7616,healthy control
-19.2224,11.4249,-47.1688,healthy control
-19.8453,13.6614,-46.7848,healthy control
-19.0304,10.1117,-49.3371,healthy control
-18.3489,9.76183,-47.6917,healthy control
-19.5292,13.358,-46.4966,healthy control
-19.4196,10.2113,-47.8252,healthy control
-19.5989,14.5221,-46.339,healthy control
-19.0021,8.19687,-48.8219,healthy control
-20.1915,32.0397,-43.2451,healthy control
-21.1946,36.6553,-42.8089,healthy control
-20.5596,37.5985,-41.0141,healthy control
-20.0142,32.9407,-43.7982,healthy control
-18.2132,39.3343,-39.065,healthy control
-19.3192,41.693,-38.5341,healthy control
-20.0417,40.7826,-39.0435,healthy control
-19.7024,37.4444,-40.7685,healthy control
-20.2183,39.4161,-39.5036,healthy control
-18.9807,42.4219,-38.1265,healthy control
-18.4099,42.1302,-38.1558,healthy control
-19.6543,39.1643,-39.2911,healthy control
-17.7322,44.2782,-36.2871,healthy control
-20.7368,33.7151,-42.7584,healthy control
-21.2014,30.5142,-44.5328,healthy control
-7.77206,46.3681,-36.9454,healthy control
-6.83854,52.1165,-32.7669,healthy control
-9.85631,50.4528,-35.7413,healthy control
-14.491,48.0347,-39.4462,healthy control
-5.63601,50.4435,-33.7092,healthy control
-7.33614,53.8305,-32.1424,healthy control
-7.9293,50.9951,-33.2215,healthy control
-10.7123,47.9148,-36.8281,healthy control
-5.13994,50.3717,-32.6865,healthy control
-7.84864,49.4112,-35.6914,healthy control
-8.61762,52.0711,-33.1754,healthy control
-8.36575,47.2212,-35.9436,healthy control
-6.5958,51.152,-32.8351,healthy control
-5.44332,51.4219,-33.3122,healthy control
-4.15723,52.5401,-31.3602,healthy control
-10.6805,49.6552,-36.5695,healthy control
29.7394,0.717132,-15.9013,healthy control
28.7166,-3.45885,-21.4457,healthy control
32.1526,0.202292,-17.1279,healthy control
32.3761,0.59544,-16.0185,healthy control
33.1584,2.79928,-13.2752,healthy control
36.0029,1.20758,-16.7059,healthy control
32.7831,1.53291,-16.4971,healthy control
34.6681,0.437476,-15.6161,healthy control
20.5453,30.2571,-16.58,healthy control
19.4202,20.7987,-23.5692,healthy control
27.3142,-2.14,-26.7903,healthy control
18.7068,-0.940594,-31.9674,healthy control
15.3319,4.63931,-34.1733,healthy control
17.0475,3.36342,-32.2896,healthy control
18.5611,8.69536,-32.6062,healthy control
20.1352,7.20709,-29.2609,healthy control
19.4723,5.17826,-32.6506,healthy control
24.4663,41.3243,9.64719,healthy control
35.9472,18.6921,10.7315,healthy control
37.9125,15.0423,10.0417,healthy control
31.4458,19.1863,8.87352,healthy control
29.7346,28.3643,11.6424,healthy control
35.8393,20.4821,11.7852,healthy control
33.8153,28.3287,10.2989,healthy control
28.6441,32.4817,6.53792,healthy control
24.7209,40.2045,3.78498,healthy control
31.9261,31.9431,11.565,healthy control
31.7205,28.4618,11.869,healthy control
36.4535,27.0636,13.0028,healthy control
42.0215,6.09212,8.89078,healthy control
42.5165,21.3576,14.7285,healthy control
44.7558,11.9812,10.8931,healthy control
44.4244,4.48796,7.68512,healthy control
40.5074,6.0055,9.08442,healthy control
35.3756,24.2825,11.6239,healthy control
42.4696,13.8755,13.2552,healthy control
42.1286,15.9934,11.8302,healthy control
44.7478,10.954,12.0364,healthy control
45.4251,7.2238,10.3087,healthy control
42.3258,12.5318,9.8874,healthy control
45.6631,-6.76613,2.32708,healthy control
39.2184,-18.793,-8.86893,healthy control
39.6335,-20.2455,-8.49633,healthy control
40.1613,-18.2868,-7.7665,healthy control
37.7863,-22.0081,-13.4633,healthy control
40.5334,-16.7647,-5.50881,healthy control
40.1822,-18.7237,-7.6087,healthy control
39.7114,-20.0769,-8.60717,healthy control
43.6689,-11.7182,-0.54912,healthy control
45.7414,-15.1463,-0.70705,healthy control
41.0914,-15.018,-4.87922,healthy control
47.7651,-3.32964,7.78415,healthy control
14.9111,-28.6264,-39.8509,healthy control
15.546,-29.0452,-39.4466,healthy control
12.1196,-26.665,-41.0693,healthy control
12.6044,-26.8788,-39.4258,healthy control
15.739,-28.1088,-36.4521,healthy control
18.4963,-30.526,-33.8785,healthy control
13.4289,-26.9451,-38.0796,healthy control
14.0362,-27.3877,-38.8607,healthy control
13.0413,-26.971,-38.786,healthy control
24.1572,-29.5412,-27.8659,healthy control
16.9715,-29.7958,-35.8566,healthy control
15.7583,-28.8876,-36.9911,healthy control
28.5658,-30.1718,-24.7582,healthy control
-16.2209,5.45793,-52.1737,healthy control
-14.8052,1.43045,-51.8742,healthy control
-15.8949,7.23124,-51.5373,healthy control
-12.354,-7.24632,-53.6718,healthy control
-13.5122,-4.43546,-52.7822,healthy control
-15.3594,1.72919,-52.7129,healthy control
-15.6551,5.89068,-51.7411,healthy control
-15.8399,9.88716,-50.8645,healthy control
-14.9942,1.77502,-52.4328,healthy control
-15.9463,4.7321,-51.9957,healthy control
-15.2294,0.161581,-52.5773,healthy control
-14.9684,1.00629,-52.8578,healthy control
-15.3138,7.43405,-50.3274,healthy control
-12.0094,-6.90689,-52.9346,healthy control
-18.1226,22.475,-47.1334,healthy control
-19.1201,39.3738,-39.2437,healthy control
-18.7886,24.1481,-46.8367,healthy control
-18.8247,40.2844,-38.6936,healthy control
-19.1148,34.0127,-43.2397,healthy control
-17.9985,40.4088,-38.2056,healthy control
-18.527,26.1586,-45.7246,healthy control
-18.7494,37.1298,-40.9425,healthy control
-19.1621,27.3282,-48.1476,healthy control
-15.6321,13.0095,-53.4077,healthy control
-17.4348,14.9901,-52.8128,healthy control
-17.0453,17.9162,-51.3657,healthy control
-14.8522,12.2419,-51.0729,healthy control
-17.5049,29.1429,-44.0291,healthy control
-17.781,19.6296,-49.7133,healthy control
21.3331,8.09546,-5.29732,healthy control
24.0411,7.06899,-5.51255,healthy control
27.6172,4.2352,-7.96571,healthy control
26.2825,4.22235,-6.75033,healthy control
24.7582,5.52627,-7.67698,healthy control
23.4432,4.69335,-6.11805,healthy control
26.1167,3.68822,-10.186,healthy control
22.218,7.72831,-7.22173,healthy control
23.8208,-7.4388,-22.9883,healthy control
28.6793,-1.24714,-13.7665,healthy control
28.2152,-0.42899,-13.8438,healthy control
29.4086,-2.38371,-13.6627,healthy control
20.7867,-3.64618,-22.7385,healthy control
22.5232,-4.91457,-23.6516,healthy control
15.0656,0.357178,-29.3275,healthy control
26.3527,-5.30283,-19.4978,healthy control
22.5807,-2.84516,-24.2998,healthy control
13.3025,45.8798,-0.951083,healthy control
11.9902,35.7866,-10.6133,healthy control
15.3445,48.214,1.16558,healthy control
12.208,22.0232,-20.2688,healthy control
12.9736,29.4443,-11.9507,healthy control
13.138,42.7566,-5.05942,healthy control
13.1963,38.0619,-5.36313,healthy control
17.5383,44.0436,0.0366536,healthy control
18.8106,39.4619,4.80938,healthy control
17.7464,44.8904,1.39747,healthy control
27.5729,31.4968,7.43325,healthy control
28.3176,31.3258,8.94283,healthy control
33.2515,20.4984,6.74109,healthy control
34.5964,16.6805,7.60578,healthy control
31.2484,19.8362,7.61876,healthy control
33.6794,21.4687,9.58697,healthy control
28.3475,27.1623,7.83255,healthy control
27.8662,29.4409,6.7453,healthy control
27.8271,33.4965,10.9379,healthy control
28.2658,29.7348,10.1035,healthy control
29.0474,31.9471,9.85364,healthy control
43.536,-1.65965,1.05359,healthy control
39.6263,-11.7648,-7.78608,healthy control
41.4097,-2.14001,1.31361,healthy control
37.5144,-16.4618,-10.6522,healthy control
41.5254,-10.6149,-3.78419,healthy control
43.9723,-7.7583,-1.86752,healthy control
43.6599,-5.45864,-0.645529,healthy control
38.5332,-14.9244,-10.1806,healthy control
40.4994,-13.4753,-6.54592,healthy control
37.9439,-18.1314,-11.5907,healthy control
39.7238,-16.7569,-9.78115,healthy control
41.8131,-8.08731,-1.92273,healthy control
21.9952,-27.6404,-33.9405,healthy control
26.182,-24.1212,-25.7885,healthy control
20.9738,-27.441,-34.3831,healthy control
29.5072,-27.8347,-26.6875,healthy control
29.1851,-24.0105,-21.045,healthy control
23.4068,-27.5898,-31.6373,healthy control
32.4572,-21.2295,-17.05,healthy control
16.7586,-25.97,-36.3441,healthy control
25.5603,-23.7884,-29.2481,healthy control
9.2695,-21.3411,-42.824,healthy control
21.8848,-25.9238,-33.2995,healthy control
17.0724,-27.2805,-39.0013,healthy control
21.9951,-25.7175,-32.7495,healthy control
8.3247,-20.8298,-45.2142,healthy control
-9.47282,-3.53822,-51.8656,healthy control
-7.42226,-9.45835,-52.2624,healthy control
-7.42227,-6.2354,-50.0551,healthy control
-6.05274,-8.06687,-51.1647,healthy control
-3.77,-11.0163,-47.4698,healthy control
1.29263,-16.3377,-50.2522,healthy control
1.36401,-16.8971,-49.0319,healthy control
1.84505,-15.1077,-48.1893,healthy control
-0.758575,-14.1882,-50.4915,healthy control
-1.93728,-11.7374,-50.7161,healthy control
-12.1506,-0.729615,-52.1545,healthy control
9.8583,-21.054,-44.3906,healthy control
-4.99408,-8.88756,-51.6314,healthy control
-11.7462,-0.687812,-52.897,healthy control
-15.0545,12.0926,-49.8037,healthy control
-15.6411,8.89599,-52.5412,healthy control
-14.5248,14.0822,-49.1201,healthy control
-17.8851,26.2615,-45.4922,healthy control
-5.78614,-9.48695,-51.9116,healthy control
-10.184,-0.720323,-49.1957,healthy control
-17.7464,20.5049,-48.1013,healthy control
-15.9472,18.1016,-49.5976,healthy control
-13.0245,12.401,-46.8152,healthy control
-18.1142,26.5843,-47.181,healthy control
-12.7437,19.9876,-46.1328,healthy control
-16.5108,38.1796,-38.7547,healthy control
-17.2229,29.1922,-44.9154,healthy control
-17.2235,21.2248,-48.5875,healthy control
21.9615,-1.97013,-11.4793,healthy control
23.179,-0.779031,-8.08705,healthy control
18.113,-2.36953,-13.81,healthy control
20.1318,-2.97547,-14.337,healthy control
18.8099,-0.134312,-10.7387,healthy control
22.8205,-0.397909,-8.94891,healthy control
12.693,0.456346,-16.6358,healthy control
20.7284,-1.90881,-9.73779,healthy control
9.24461,7.61025,-17.8856,healthy control
11.1697,0.962763,-22.4115,healthy control
7.74825,2.97165,-19.2113,healthy control
7.51163,18.6805,-6.95426,healthy control
7.8527,29.5971,-1.37621,healthy control
10.3071,-0.333621,-22.1971,healthy control
8.39094,-0.560656,-21.9937,healthy control
9.94795,33.4727,3.50396,healthy control
7.19428,26.085,-2.31901,healthy control
5.3421,28.3376,-0.701606,healthy control
22.1017,24.8507,13.8433,healthy control
23.2273,20.0886,13.1507,healthy control
15.3733,29.9887,12.8592,healthy control
20.4327,23.847,13.7155,healthy control
21.57,23.9,14.0676,healthy control
20.142,21.9317,12.6851,healthy control
12.3769,35.5074,13.1578,healthy control
20.719,23.6934,12.6682,healthy control
18.151,24.4882,13.3089,healthy control
23.4658,14.7978,14.4773,healthy control
19.2261,24.4923,12.8868,healthy control
31.3195,17.0988,17.333,healthy control
34.6201,8.63347,15.6315,healthy control
33.3812,7.68831,15.8996,healthy control
32.7854,13.9074,16.9123,healthy control
34.0599,9.61883,16.1302,healthy control
32.8947,12.7266,15.8786,healthy control
32.4168,12.0245,17.2645,healthy control
31.7756,17.1213,17.8452,healthy control
31.156,14.956,16.3597,healthy control
33.9385,8.23437,14.8882,healthy control
34.4495,7.64374,15.365,healthy control
35.937,-13.8234,4.21296,healthy control
36.4269,-12.6587,5.2626,healthy control
36.9243,-8.39051,8.11986,healthy control
38.2426,-0.568376,12.8186,healthy control
36.4533,1.0331,13.5588,healthy control
37.4546,4.83779,14.2689,healthy control
36.7374,-10.6092,7.07667,healthy control
37.2646,-4.97449,10.5604,healthy control
36.9725,-6.25723,10.003,healthy control
38.0592,-2.05608,11.6862,healthy control
38.111,-0.289427,12.5309,healthy control
38.0602,-2.50544,11.5913,healthy control
26.8255,-23.3099,-11.0805,healthy control
14.6313,-29.121,-28.7382,healthy control
24.6221,-25.0429,-15.6861,healthy control
19.8855,-26.8256,-22.5173,healthy control
27.6069,-24.0516,-13.3405,healthy control
23.2237,-25.5934,-17.8126,healthy control
31.4659,-20.2198,-5.61063,healthy control
24.7064,-23.6915,-14.674,healthy control
22.886,-24.2711,-16.2423,healthy control
16.9162,-26.8841,-24.5011,healthy control
22.2372,-27.1398,-19.4647,healthy control
24.6596,-25.2209,-16.1634,healthy control
33.9825,-18.7139,-2.83206,healthy control
10.8155,-27.4259,-33.472,healthy control
10.0901,-26.3604,-34.0104,healthy control
12.975,-27.068,-31.0319,healthy control
12.893,-29.1323,-32.3053,healthy control
10.3848,-27.4047,-32.7584,healthy control
12.1532,-27.9396,-32.909,healthy control
10.8843,-27.22,-33.0768,healthy control
9.33523,-26.429,-34.0348,healthy control
11.8065,-28.64,-33.6204,healthy control
18.5154,-30.4805,-28.0239,healthy control
15.1857,-30.0239,-30.534,healthy control
18.4067,-30.1345,-28.5063,healthy control
20.1006,-29.5389,-27.1768,healthy control
-4.87216,-17.7891,-44.0988,healthy control
-9.19187,-14.9992,-48.0558,healthy control
-8.2564,-16.7564,-48.4437,healthy control
-2.28078,-21.9787,-44.1987,healthy control
3.79873,-24.0305,-40.5562,healthy control
-2.22284,-21.2665,-43.831,healthy control
7.91372,-26.8437,-36.0897,healthy control
6.28133,-25.3149,-38.2606,healthy control
-1.67856,-21.9504,-42.4399,healthy control
2.63169,-24.1161,-40.0164,healthy control
-8.15318,-16.5692,-48.3795,healthy control
-5.84472,-16.5006,-47.132,healthy control
-5.69089,-17.481,-46.0134,healthy control
-7.81905,-16.2035,-47.5174,healthy control
15.5621,-3.24707,-23.3482,healthy control
13.9679,-3.82671,-24.3401,healthy control
12.1217,-6.92205,-27.3568,healthy control
11.941,0.0805766,-28.3441,healthy control
24.716,-1.76415,-11.6667,healthy control
18.2178,-5.0061,-20.2829,healthy control
16.9,-4.08742,-21.1891,healthy control
20.388,-6.41402,-20.2269,healthy control
14.8096,-0.207135,-23.0724,healthy control
12.9395,42.0113,3.45977,healthy control
13.5463,37.3777,3.84342,healthy control
12.0861,40.8008,4.26036,healthy control
11.2547,38.7131,1.83643,healthy control
15.0183,34.4944,7.89131,healthy control
12.6292,40.1392,3.82957,healthy control
14.6176,34.7077,9.38373,healthy control
8.61949,40.9175,3.00586,healthy control
13.9223,39.355,8.72568,healthy control
14.023,38.9888,2.33362,healthy control
31.2485,14.6254,14.8421,healthy control
28.1088,19.6017,14.0442,healthy control
24.9224,25.8208,12.0548,healthy control
35.4492,8.87556,11.9953,healthy control
30.7764,12.8061,12.1567,healthy control
30.6494,16.1362,12.8661,healthy control
27.7267,19.2409,13.1076,healthy control
24.7287,25.0518,13.3436,healthy control
25.0441,22.9654,13.0726,healthy control
22.9678,27.8825,10.9555,healthy control
24.0766,28.087,14.5877,healthy control
25.5062,-19.5078,-14.4213,healthy control
26.792,-22.5018,-16.4644,healthy control
26.1038,-23.4113,-16.9661,healthy control
28.2841,-20.8431,-14.0343,healthy control
34.3046,-12.1441,-0.20947,healthy control
34.953,-13.2885,-1.55588,healthy control
36.3777,-11.2693,1.45317,healthy control
37.9314,-6.2889,5.93111,healthy control
28.6708,-19.3898,-10.3798,healthy control
33.2055,-13.9629,-2.61264,healthy control
25.0274,-21.9041,-16.7411,healthy control
25.8718,-23.0207,-17.6608,healthy control
34.1916,-14.2082,-1.64535,healthy control
14.1097,-24.2307,-29.5626,healthy control
11.3264,-25.6076,-34.6777,healthy control
18.2974,-25.2984,-28.004,healthy control
11.8034,-25.8116,-32.5972,healthy control
7.57131,-22.1116,-34.4183,healthy control
6.72779,-20.7127,-35.6438,healthy control
-0.215053,-14.9765,-40.1268,healthy control
-6.95033,-9.97208,-42.407,healthy control
7.02018,-22.0664,-34.7718,healthy control
1.99179,-18.4875,-38.1152,healthy control
14.3524,-24.198,-29.9252,healthy control
14.0453,-25.1814,-30.0833,healthy control
9.94208,-23.398,-32.3038,healthy control
6.74206,-22.4072,-34.2122,healthy control
-16.2641,10.7234,-41.2903,healthy control
-16.0428,10.5278,-41.2495,healthy control
-14.5623,14.6125,-39.8345,healthy control
-17.222,25.0844,-34.6481,healthy control
-17.8497,14.4185,-41.5937,healthy control
-15.6037,9.64484,-40.6076,healthy control
-18.0497,13.7545,-41.0386,healthy control
-15.2444,4.8611,-42.2114,healthy control
-15.7965,7.47537,-41.401,healthy control
-18.2332,23.9709,-36.6999,healthy control
-17.2923,17.9671,-38.6518,healthy control
-18.1912,23.8431,-36.9628,healthy control
-16.8628,12.5442,-40.743,healthy control
-15.337,7.32381,-41.2273,healthy control
-16.9801,14.6821,-39.8835,healthy control
-16.6535,28.2338,-35.8959,healthy control
-9.55321,42.034,-27.6812,healthy control
-18.0665,39.4954,-30.8252,healthy control
-18.1473,39.284,-31.7577,healthy control
-18.7184,28.3663,-37.1494,healthy control
-17.6731,37.9892,-31.9186,healthy control
-17.9318,35.9276,-32.0297,healthy control
-18.2822,30.7332,-35.8342,healthy control
-14.9427,26.8619,-37.0167,healthy control
-15.9064,45.5866,-26.9212,healthy control
-17.7256,25.0635,-38.3751,healthy control
-16.0636,32.0065,-34.0652,healthy control
-16.7603,42.7085,-29.7527,healthy control
-19.6169,28.2752,-37.8839,healthy control
-18.8171,30.5474,-36.1499,healthy control
6.79351,39.8674,-23.3939,healthy control
14.5466,35.1115,-21.1957,healthy control
9.41087,40.4382,-20.3474,healthy control
2.65937,40.0815,-27.5951,healthy control
7.43033,38.4048,-24.9446,healthy control
8.75133,40.8226,-24.4481,healthy control
5.73535,41.2102,-24.2992,healthy control
3.08548,42.3769,-23.7992,healthy control
1.93309,42.7589,-26.8424,healthy control
5.1499,41.745,-23.4104,healthy control
-2.14233,47.9579,-25.6307,healthy control
-5.03328,42.2632,-31.5801,healthy control
4.10618,46.5829,-21.8166,healthy control
-0.886816,43.6775,-27.3953,healthy control
3.99008,41.9485,-24.5367,healthy control
4.97955,41.5393,-25.4437,healthy control
6.12473,38.5436,-26.7267,healthy control
18.1286,4.12033,-4.22752,healthy control
14.4763,9.95937,-0.741938,healthy control
15.1736,9.21797,-3.28684,healthy control
19.9453,2.31366,-5.76878,healthy control
19.6522,8.45501,-0.425512,healthy control
18.462,6.34485,-4.10614,healthy control
15.2421,7.11136,-6.72957,healthy control
19.7453,6.27299,-3.31902,healthy control
6.50537,0.991827,-24.2819,healthy control
9.60189,-1.11838,-21.963,healthy control
11.6876,-1.55966,-21.4204,healthy control
13.9012,-2.38173,-20.4621,healthy control
11.5826,-1.05509,-17.8236,healthy control
13.2639,-1.89606,-20.3882,healthy control
11.1382,-1.15132,-24.7602,healthy control
10.5413,-2.01129,-25.4571,healthy control
10.682,-1.80977,-23.7342,healthy control
15.5542,28.578,8.80584,healthy control
13.1523,31.8436,9.15398,healthy control
12.8217,31.1333,8.76449,healthy control
14.2512,31.4196,9.24918,healthy control
15.0919,27.8529,9.29504,healthy control
13.8691,32.1045,10.3829,healthy control
15.2367,31.9016,10.6875,healthy control
12.9116,33.1147,4.84348,healthy control
8.45099,33.2895,1.18574,healthy control
12.5941,33.3561,9.88319,healthy control
14.3308,32.2322,10.5532,healthy control
28.8783,8.61529,13.2159,healthy control
27.8375,10.6204,13.3886,healthy control
29.3115,4.38206,12.4732,healthy control
27.8784,8.10538,12.9379,healthy control
29.8408,5.41195,11.995,healthy control
29.2053,2.24016,10.7488,healthy control
30.3613,5.07408,12.5719,healthy control
30.2886,2.64133,11.1334,healthy control
28.1532,7.27381,12.3968,healthy control
30.5722,3.92128,11.3279,healthy control
31.2068,-1.30107,10.2144,healthy control
29.1929,7.36021,12.583,healthy control
26.7675,-17.34,-6.12893,healthy control
31.1593,-8.63804,5.47791,healthy control
25.3907,-18.6827,-7.39582,healthy control
27.6075,-14.8427,-3.31203,healthy control
30.5504,-13.9995,0.415174,healthy control
22.5477,-18.7727,-9.07026,healthy control
27.8672,-16.2633,-3.44385,healthy control
18.0147,-19.6885,-14.4678,healthy control
26.0639,-16.7843,-4.92282,healthy control
26.2268,-18.9131,-7.59757,healthy control
28.7912,-12.8115,0.947948,healthy control
19.7771,-20.7771,-13.4852,healthy control
27.8234,-16.2847,-2.95946,healthy control
8.143,-23.4844,-27.3403,healthy control
7.53573,-23.0793,-27.0241,healthy control
10.672,-24.1332,-25.1971,healthy control
11.3653,-25.5721,-26.547,healthy control
17.2438,-24.6299,-20.452,healthy control
11.8055,-25.3452,-25.95,healthy control
12.584,-25.47,-26.0186,healthy control
8.14373,-24.2914,-27.622,healthy control
8.87275,-24.3907,-27.3032,healthy control
10.7625,-23.6156,-25.1674,healthy control
12.1141,-24.456,-24.2328,healthy control
8.40079,-23.1276,-26.227,healthy control
12.9665,-25.143,-24.7598,healthy control
1.14993,-21.1853,-33.5766,healthy control
-4.44659,-16.4318,-38.5278,healthy control
-0.316234,-20.3519,-35.0906,healthy control
-1.99953,-17.9608,-36.7007,healthy control
-9.17753,-11.6523,-41.3192,healthy control
-4.13908,-17.8273,-37.5748,healthy control
-7.76071,-12.9442,-42.5872,healthy control
-4.43261,-16.113,-39.8538,healthy control
-7.40825,-13.8387,-40.6042,healthy control
-6.66843,-13.7733,-40.6894,healthy control
-4.33079,-17.2348,-38.3459,healthy control
-6.91189,-12.8525,-39.9614,healthy control
-9.74217,-10.9206,-41.7128,healthy control
-6.76591,-13.2432,-40.0165,healthy control
-19.7368,4.69901,-41.0013,healthy control
-21.12,9.87829,-40.837,healthy control
-19.0231,3.75158,-42.1081,healthy control
-21.3511,9.72786,-41.0542,healthy control
-17.0284,1.42843,-40.7605,healthy control
-22.1671,14.3904,-39.2865,healthy control
-20.9796,9.67842,-40.7059,healthy control
-21.2799,16.796,-38.3544,healthy control
-20.9831,11.7195,-39.6653,healthy control
-21.1215,15.9947,-38.0643,healthy control
-17.1723,0.831872,-41.5625,healthy control
-22.2275,14.0714,-39.9475,healthy control
-19.2441,1.73379,-43.4451,healthy control
-18.0833,-0.0624981,-42.2017,healthy control
-17.4339,0.463877,-40.4463,healthy control
48.0714,20.774,1.10357,healthy control
49.8882,21.8721,5.54166,healthy control
49.1166,25.5198,6.07972,healthy control
47.1262,22.8471,3.8143,healthy control
48.8382,25.6875,6.89221,healthy control
47.9318,28.9349,8.18413,healthy control
46.7428,26.7782,4.436,healthy control
49.1184,21.893,6.12491,healthy control
50.7091,19.2018,2.31681,healthy control
49.9439,16.1644,1.29349,healthy control
50.592,18.9083,4.43223,healthy control
52.6785,12.942,0.839522,healthy control
42.4479,-12.323,-17.7391,healthy control
36.9261,-18.0688,-28.2262,healthy control
46.2762,-14.3527,-16.7908,healthy control
44.0627,-12.4598,-18.5133,healthy control
46.8625,-9.53961,-14.8561,healthy control
38.4919,-14.1522,-26.0955,healthy control
37.9624,-14.5427,-25.2912,healthy control
40.4455,-14.5124,-23.5176,healthy control
47.3001,-11.5285,-16.9736,healthy control
45.1406,-12.9589,-20.1812,healthy control
46.1146,-11.2047,-17.0692,healthy control
46.7857,-10.7615,-17.3812,healthy control
47.7108,-15.0098,-20.6015,healthy control
2.60923,6.06776,-52.8407,healthy control
10.1731,-5.18839,-50.2629,healthy control
10.9671,-6.90405,-50.3872,healthy control
11.0971,-3.05099,-48.9701,healthy control
8.34785,-3.49743,-52.4913,healthy control
9.87397,-1.52775,-51.3573,healthy control
8.213,-3.3604,-53.0879,healthy control
9.20525,-0.0151205,-49.8921,healthy control
6.12479,-1.60846,-54.0845,healthy control
15.517,-11.5718,-49.2757,healthy control
5.5372,-3.03581,-51.7132,healthy control
10.3962,-4.95799,-50.0533,healthy control
0.802571,6.22582,-52.4035,healthy control
7.51532,-4.57232,-53.3185,healthy control
-2.04834,11.8221,-53.4445,healthy control
-2.16187,14.6341,-48.6345,healthy control
-2.96679,24.0067,-46.0191,healthy control
-1.8529,17.5038,-48.9806,healthy control
-4.39257,28.6414,-43.5032,healthy control
-4.36126,16.4009,-53.5663,healthy control
-3.63692,17.0464,-51.8169,healthy control
-3.67439,21.3674,-48.3864,healthy control
-7.19718,19.8906,-52.5167,healthy control
-1.63143,10.889,-55.7743,healthy control
-3.97385,20.87,-51.4339,healthy control
-1.13676,18.7422,-49.2872,healthy control
-5.37353,32.4465,-41.2002,healthy control
-7.03288,26.3925,-47.8493,healthy control
-2.19676,10.3839,-55.0344,healthy control
-6.76841,43.0433,-38.4447,healthy control
-3.63815,42.133,-37.3862,healthy control
-3.77055,38.7697,-39.7144,healthy control
-1.59639,44.0798,-36.3537,healthy control
-4.19225,42.3947,-38.6751,healthy control
-4.25428,40.883,-39.0388,healthy control
-6.41974,42.8732,-39.0207,healthy control
-5.80866,35.7781,-43.3796,healthy control
-3.56132,37.513,-41.7185,healthy control
-2.29626,43.4306,-37.5411,healthy control
-4.92733,41.5885,-37.2804,healthy control
-3.04274,37.8928,-38.7292,healthy control
-3.95171,42.7241,-36.977,healthy control
-7.0914,36.6491,-41.8266,healthy control
-5.61654,41.0429,-39.0131,healthy control
-5.36931,35.5069,-41.4772,healthy control
7.09578,45.6225,-38.3215,healthy control
13.102,42.7445,-37.3826,healthy control
9.43089,48.6301,-34.8334,healthy control
8.96027,44.3113,-37.1689,healthy control
10.1844,45.8409,-37.0501,healthy control
12.4505,44.1638,-36.2783,healthy control
11.7215,45.0269,-37.2128,healthy control
8.59835,48.2175,-34.2396,healthy control
3.76399,46.5011,-38.5104,healthy control
5.48685,48.2969,-37.6179,healthy control
4.64682,47.2943,-39.3307,healthy control
7.43661,47.0059,-38.0291,healthy control
12.7194,42.4527,-37.0852,healthy control
14.3557,46.8744,-33.6219,healthy control
6.53141,48.8056,-37.0102,healthy control
3.7212,46.7345,-39.008,healthy control
28.6176,43.1511,-26.3188,healthy control
32.6835,41.7758,-24.3438,healthy control
29.6036,43.3104,-25.4848,healthy control
34.1665,42.1811,-24.7424,healthy control
28.8702,45.7634,-24.394,healthy control
27.2379,41.3748,-26.7516,healthy control
26.9324,42.7643,-26.5332,healthy control
30.6575,44.4027,-22.0304,healthy control
22.0839,42.902,-28.7666,healthy control
23.591,42.3503,-27.9081,healthy control
26.7605,43.11,-25.2059,healthy control
28.6346,43.6346,-23.6463,healthy control
21.5722,43.1822,-28.7412,healthy control
26.1583,42.7841,-26.2747,healthy control
30.3711,44.1776,-23.5537,healthy control
24.1133,42.6801,-26.4793,healthy control
24.9899,42.7095,-27.2084,healthy control
40.0002,29.943,-23.8806,healthy control
41.9839,16.6332,-24.2213,healthy control
45.5185,16.7678,-22.5432,healthy control
46.2378,24.735,-19.3811,healthy control
38.7059,25.8834,-24.3883,healthy control
46.7929,10.1665,-21.585,healthy control
38.6175,22.5339,-25.8452,healthy control
45.6124,10.1836,-21.624,healthy control
44.6514,10.0839,-24.1339,healthy control
43.4863,24.7067,-22.8191,healthy control
42.5754,15.4156,-23.8402,healthy control
45.7871,19.2065,-19.7876,healthy control
43.0061,19.3275,-23.749,healthy control
43.1132,23.3179,-22.7029,healthy control
37.7728,18.0553,-26.9076,healthy control
45.9233,9.59898,-21.4782,healthy control
46.1081,22.2517,-20.3436,healthy control
43.8222,21.6144,-23.0594,healthy control
43.246,20.5717,-22.0917,healthy control
31.2647,24.5013,10.3541,healthy control
28.2851,26.0858,7.18809,healthy control
28.5892,27.8711,7.36366,healthy control
23.9299,34.6101,4.70193,healthy control
33.3672,20.7579,11.3198,healthy control
30.2395,25.4514,8.22931,healthy control
28.7546,28.8922,7.2511,healthy control
30.0336,25.4565,8.94685,healthy control
30.7903,25.0594,8.73541,healthy control
32.2783,24.2688,9.36706,healthy control
29.5828,23.7888,8.81333,healthy control
37.6495,20.9976,13.2934,healthy control
37.3279,20.2723,11.9539,healthy control
39.1984,16.2875,12.5576,healthy control
43.0354,10.4752,10.8027,healthy control
43.5935,7.19329,8.40835,healthy control
42.1599,0.496745,3.05901,healthy control
42.1688,7.14589,7.31275,healthy control
43.9325,-3.72935,0.80489,healthy control
42.9833,3.19076,5.69865,healthy control
41.7958,5.43936,7.43261,healthy control
40.0322,11.4795,8.98126,healthy control
42.1227,9.16901,9.82637,healthy control
16.6857,-23.8984,-39.7156,healthy control
8.4195,-19.7506,-45.0324,healthy control
8.40609,-19.5882,-45.7393,healthy control
15.98,-22.1816,-37.9321,healthy control
10.5598,-21.7373,-42.4211,healthy control
12.7119,-22.2329,-40.4011,healthy control
14.0866,-23.2375,-39.373,healthy control
5.47802,-18.8426,-47.6234,healthy control
6.53105,-18.9188,-47.7946,healthy control
16.9649,-24.1078,-37.7803,healthy control
7.97316,-20.7512,-45.7039,healthy control
11.3616,-22.4802,-43.3642,healthy control
14.9137,-23.9115,-40.4661,healthy control
-11.4187,-2.156,-50.2235,healthy control
-13.9623,8.06629,-47.9791,healthy control
-12.9377,5.54822,-49.2842,healthy control
-11.779,0.0456168,-50.2332,healthy control
-13.0318,3.12713,-48.2413,healthy control
-11.9776,-0.67587,-49.4042,healthy control
-11.6057,-0.809171,-49.9901,healthy control
-10.8354,-0.848179,-48.6091,healthy control
-13.2821,12.6782,-46.7225,healthy control
-13.4691,8.36682,-48.4684,healthy control
-8.85861,-7.15271,-49.6858,healthy control
-11.1293,-2.72336,-49.4083,healthy control
-12.4413,3.8626,-48.4065,healthy control
-12.5537,1.69099,-49.451,healthy control
-16.8353,36.0103,-38.5128,healthy control
-17.5055,29.8404,-40.3358,healthy control
-16.903,36.938,-37.4189,healthy control
-18.0258,31.4879,-41.1511,healthy control
-17.7699,35.3209,-39.359,healthy control
-17.8207,34.4565,-39.3919,healthy control
-17.4701,34.9765,-38.2503,healthy control
-17.3051,34.7264,-38.9342,healthy control
-17.0265,38.804,-36.2719,healthy control
-18.4605,36.4637,-38.4302,healthy control
-19.1517,29.1899,-43.0908,healthy control
-18.9521,30.6161,-41.9549,healthy control
-17.9373,37.0119,-38.5657,healthy control
-17.5534,30.1655,-41.8383,healthy control
-16.709,42.7217,-34.4986,healthy control
-7.69084,46.5305,-35.866,healthy control
2.28461,52.3345,-26.3102,healthy control
-10.1445,51.1833,-33.099,healthy control
-5.47002,49.3666,-32.1282,healthy control
-0.0989879,50.6666,-30.2064,healthy control
1.36999,53.3436,-25.6129,healthy control
-8.88424,43.9286,-37.6866,healthy control
-0.0255216,49.7918,-29.0013,healthy control
-2.85709,48.2757,-31.0428,healthy control
0.793553,50.4108,-28.2117,healthy control
-6.91002,48.3465,-34.1126,healthy control
-4.06239,47.1758,-33.6161,healthy control
0.284066,49.9865,-30.0744,healthy control
-2.76866,52.6857,-27.7383,healthy control
-6.64721,46.292,-34.8939,healthy control
2.43356,48.4879,-29.9853,healthy control
13.8119,44.4225,-29.1608,healthy control
15.9718,44.5503,-26.6996,healthy control
12.724,44.5386,-28.8607,healthy control
18.9252,41.6909,-25.8021,healthy control
16.6057,44.7699,-26.6222,healthy control
14.3513,44.4906,-28.65,healthy control
12.1987,45.9153,-29.6295,healthy control
17.8533,41.0054,-26.6112,healthy control
15.6051,43.7294,-27.0551,healthy control
16.649,44.1124,-25.9321,healthy control
14.7187,44.4201,-27.7494,healthy control
13.4955,43.6293,-28.3477,healthy control
13.1993,44.9048,-28.6385,healthy control
15.6992,43.1363,-26.7998,healthy control
13.7639,43.993,-28.397,healthy control
12.727,45.1463,-29.2831,healthy control
16.5783,42.4419,-26.7047,healthy control
30.8758,22.8822,9.47613,healthy control
20.1749,37.8522,2.72649,healthy control
23.8735,37.3882,7.20137,healthy control
25.1779,31.9907,5.70929,healthy control
14.6237,38.9119,-5.32251,healthy control
28.89,27.3204,9.65602,healthy control
26.4159,29.9111,5.34695,healthy control
19.7167,41.3608,2.25356,healthy control
25.3159,31.4607,1.85541,healthy control
17.3985,41.4869,-0.909959,healthy control
27.9796,28.3635,7.72931,healthy control
39.8401,-5.3989,-0.769439,healthy control
38.4555,-8.98474,-3.87018,healthy control
40.6669,-7.13471,-2.65492,healthy control
37.3702,-11.9614,-8.48147,healthy control
36.691,-10.9455,-8.88085,healthy control
38.3532,-5.93083,-3.48225,healthy control
41.3835,-1.6089,2.44166,healthy control
42.5603,1.78867,3.85807,healthy control
38.8564,-5.91776,-4.28824,healthy control
39.6657,-8.49126,-4.02029,healthy control
39.3951,-6.64334,-2.13668,healthy control
39.0445,1.19377,1.58242,healthy control
22.0614,-22.4656,-33.1163,healthy control
27.1523,-23.8181,-27.4163,healthy control
22.9847,-22.8842,-30.7262,healthy control
30.1084,-22.0318,-22.9473,healthy control
18.562,-20.5716,-36.548,healthy control
25.0619,-23.1992,-29.3638,healthy control
29.6984,-22.5998,-23.4982,healthy control
23.5124,-23.1411,-31.3542,healthy control
25.8865,-23.4663,-27.8827,healthy control
23.1761,-22.0343,-31.5203,healthy control
24.474,-22.9234,-31.0921,healthy control
24.6525,-23.5872,-30.9159,healthy control
25.6596,-23.8095,-28.9945,healthy control
-4.77639,-12.6051,-60.2975,healthy control
-6.95254,-9.93112,-62.2677,healthy control
-8.58039,-7.07956,-61.442,healthy control
-2.62714,-13.9653,-61.8259,healthy control
-10.9718,-3.30354,-62.3869,healthy control
-12.7167,-0.193822,-59.7273,healthy control
-5.24986,-10.981,-58.514,healthy control
-11.5832,1.89911,-58.7061,healthy control
-13.2369,2.69159,-57.7755,healthy control
-13.1654,6.77768,-56.0802,healthy control
-12.0731,1.54015,-55.9482,healthy control
-11.4016,2.09454,-56.5711,healthy control
-11.9875,4.11051,-56.2397,healthy control
-11.5348,0.405218,-54.4091,healthy control
-16.0334,15.273,-52.7516,healthy control
-16.1549,19.932,-51.3931,healthy control
-16.6411,26.2243,-48.8043,healthy control
-17.3057,26.3312,-48.2368,healthy control
-16.7176,21.5469,-52.0438,healthy control
-17.2105,27.0556,-46.6712,healthy control
-17.1418,28.4437,-47.6373,healthy control
-17.5811,26.7567,-48.1296,healthy control
-16.8388,20.4971,-51.3734,healthy control
-16.1732,23.4886,-50.0169,healthy control
-17.266,26.9032,-47.8611,healthy control
-18.2954,28.4803,-47.45,healthy control
-16.0511,17.8782,-52.3808,healthy control
-18.0001,26.1083,-49.0373,healthy control
-16.8149,23.6078,-50.5174,healthy control
-10.4198,46.7474,-37.8669,healthy control
1.89969,51.1936,-27.3517,healthy control
2.00853,53.5473,-25.6498,healthy control
1.2362,53.4165,-27.2427,healthy control
0.32818,53.6455,-28.0725,healthy control
-0.449622,52.5826,-28.3372,healthy control
-2.35812,55.7033,-28.1666,healthy control
-9.09832,48.3708,-36.2015,healthy control
-0.203245,55.5043,-26.8403,healthy control
-8.25876,54.9333,-31.4251,healthy control
-10.5992,53.0389,-32.6391,healthy control
-9.08394,47.1946,-36.9006,healthy control
-2.76528,50.8137,-31.9868,healthy control
1.53577,52.8954,-28.6044,healthy control
-2.38978,53.9917,-28.643,healthy control
-11.2238,58.8253,-29.5641,healthy control
4.46855,51.2445,-31.1147,healthy control
2.88921,49.2682,-34.5283,healthy control
9.63251,48.4624,-31.6541,healthy control
6.84298,50.0443,-31.2689,healthy control
7.76576,49.9177,-32.0737,healthy control
7.37018,51.2164,-30.0801,healthy control
4.05522,54.2029,-27.087,healthy control
0.0645657,49.8186,-33.2731,healthy control
7.29658,49.8322,-29.9593,healthy control
5.21206,51.8201,-31.2049,healthy control
2.25386,53.9881,-29.3828,healthy control
-1.31299,51.2026,-34.6976,healthy control
6.69607,51.4077,-30.7206,healthy control
5.7528,53.3516,-30.995,healthy control
0.566287,56.1565,-30.5913,healthy control
0.4598,52.1764,-33.852,healthy control
1.41272,55.3871,-31.3013,healthy control
17.4149,-5.14296,-23.4626,healthy control
15.1764,-4.16192,-26.0913,healthy control
16.9098,-3.96186,-24.0787,healthy control
15.1454,-2.30455,-24.7725,healthy control
17.8093,-4.69621,-22.1527,healthy control
13.9489,-0.300866,-26.7851,healthy control
18.153,-2.95229,-21.8065,healthy control
16.1899,-3.90398,-24.0532,healthy control
20.3184,-4.23586,-19.4921,healthy control
15.7834,-3.00846,-27.0159,healthy control
21.5853,-5.54467,-22.0276,healthy control
16.9701,-4.64754,-26.0051,healthy control
15.2782,-4.47929,-27.6924,healthy control
19.3223,-5.07047,-24.4476,healthy control
18.4321,-5.88562,-25.5216,healthy control
20.5173,-5.16229,-24.0319,healthy control
22.0838,-5.34171,-21.7014,healthy control
19.9702,-5.47199,-24.111,healthy control
29.1073,22.48,12.335,healthy control
26.6932,27.2667,12.3314,healthy control
28.1242,26.5277,13.1717,healthy control
29.9703,23.1727,11.7018,healthy control
33.797,12.738,10.3667,healthy control
28.1902,24.5345,11.7701,healthy control
27.6061,27.1937,12.6524,healthy control
28.1241,26.4798,13.2614,healthy control
30.0176,22.2797,13.7168,healthy control
28.0703,23.7558,12.3605,healthy control
26.7333,27.0949,11.8182,healthy control
38.5929,-7.32708,0.520634,healthy control
38.9923,-5.10521,4.5101,healthy control
40.1949,-1.79433,6.95404,healthy control
38.9871,-5.62632,4.78442,healthy control
39.3947,-4.31182,4.06372,healthy control
37.7802,-9.58978,-1.01469,healthy control
37.0105,-12.7209,-2.0646,healthy control
30.9811,-20.1114,-13.3265,healthy control
33.5627,-15.5123,-7.3259,healthy control
32.399,-16.9282,-9.19261,healthy control
30.7885,-18.5883,-10.8092,healthy control
28.9205,-21.2745,-16.3281,healthy control
-6.90672,-8.88456,-42.3365,healthy control
-3.57161,-11.0708,-41.6902,healthy control
-5.26102,-10.1224,-43.1813,healthy control
1.24208,-15.8246,-40.6488,healthy control
-1.17693,-13.0691,-41.095,healthy control
-11.2536,-2.25714,-42.7684,healthy control
-2.30646,-11.326,-41.4695,healthy control
-1.97926,-12.2582,-42.0234,healthy control
-4.7971,-11.5708,-43.091,healthy control
5.83058,-20.4736,-37.8928,healthy control
-4.85052,-10.4812,-41.4918,healthy control
-6.50447,-8.54716,-42.2543,healthy control
1.595,-14.3556,-38.6039,healthy control
-9.23038,-4.21713,-40.6065,healthy control
-17.7589,20.743,-40.4821,healthy control
-17.1454,18.3906,-40.565,healthy control
-16.9838,13.5978,-41.7445,healthy control
-16.5275,15.2735,-40.5075,healthy control
-17.6799,21.1552,-40.2056,healthy control
-16.5477,13.5946,-41.6245,healthy control
-17.3199,19.8164,-39.9098,healthy control
-17.0889,17.8063,-40.0875,healthy control
-16.9132,14.0585,-40.9547,healthy control
-17.0199,16.4598,-40.3563,healthy control
-17.7524,24.6509,-38.379,healthy control
-17.3424,22.7232,-38.189,healthy control
-16.9277,19.2457,-38.7929,healthy control
-17.5418,22.1233,-39.9598,healthy control
-16.9632,23.0578,-39.9362,healthy control
-6.90981,39.8741,-29.0456,healthy control
-6.25196,41.3044,-27.3958,healthy control
-6.10807,41.5926,-26.782,healthy control
-5.51218,39.2504,-28.4986,healthy control
-4.11906,42.3211,-25.6761,healthy control
-1.66678,41.5354,-25.1474,healthy control
0.20672,42.3759,-21.5933,healthy control
-5.14915,41.852,-26.2797,healthy control
-5.79146,42.1652,-27.3711,healthy control
-5.23033,42.2886,-25.5502,healthy control
-6.53387,44.4614,-25.9389,healthy control
-7.56576,42.5518,-27.2476,healthy control
-9.5768,38.4195,-30.729,healthy control
-4.67662,42.5392,-25.2675,healthy control
-5.49909,42.8616,-25.7462,healthy control
-5.85747,43.8176,-25.9709,healthy control
1.8291,37.9143,-27.4731,healthy control
5.86074,38.3717,-25.7323,healthy control
1.68888,41.2416,-26.0314,healthy control
3.14279,40.3783,-26.5451,healthy control
5.6311,39.2585,-25.4309,healthy control
3.61932,38.7037,-25.9627,healthy control
8.57443,39.9461,-23.1966,healthy control
3.71068,39.5379,-26.6022,healthy control
9.96639,37.4001,-23.1118,healthy control
3.73303,38.8951,-26.3864,healthy control
6.69625,37.8755,-24.4803,healthy control
5.96299,38.0867,-25.2999,healthy control
3.95044,39.0401,-25.9486,healthy control
4.68744,38.2537,-26.0391,healthy control
8.28931,37.5461,-23.9759,healthy control
9.31639,38.4718,-23.0295,healthy control
7.86458,38.2666,-24.2932,healthy control
12.3694,5.01881,-6.11415,healthy control
16.7857,5.97707,-4.69308,healthy control
20.2355,-1.98933,-8.79902,healthy control
17.3722,-0.68349,-7.60572,healthy control
22.2336,1.42898,-3.84623,healthy control
19.455,-1.15493,-8.09334,healthy control
19.2446,-5.95033,-9.3111,healthy control
19.132,-3.48187,-5.95423,healthy control
6.29226,30.8883,0.437061,healthy control
13.6911,35.0963,10.5197,healthy control
4.27367,26.0636,-5.56055,healthy control
11.9013,36.3854,8.04139,healthy control
5.60559,23.0505,-6.04632,healthy control
8.02562,33.2023,2.42571,healthy control
7.62232,32.0431,0.133881,healthy control
3.97399,20.596,-9.13828,healthy control
8.12846,34.6755,2.94853,healthy control
6.90492,31.5509,-2.88221,healthy control
21.1687,22.6091,14.6675,healthy control
24.4746,17.1408,15.3551,healthy control
21.5442,22.9178,15.0347,healthy control
23.7099,16.5472,14.5902,healthy control
21.7151,19.8608,14.411,healthy control
22.8641,19.9929,15.3821,healthy control
17.9523,27.7098,13.2372,healthy control
21.1194,25.0865,13.9223,healthy control
16.1874,29.7415,12.8054,healthy control
22.5397,19.1678,14.4886,healthy control
21.2982,21.4471,14.2911,healthy control
31.3045,-11.382,4.97637,healthy control
30.9143,-10.7792,4.00279,healthy control
29.4075,-15.023,-0.403819,healthy control
33.2883,-8.61766,7.65804,healthy control
32.0037,-11.3934,4.68418,healthy control
33.9983,-7.64681,9.75624,healthy control
27.5544,-16.4527,-3.02623,healthy control
28.989,-13.882,-0.487784,healthy control
29.1555,-16.2309,-1.53276,healthy control
29.7734,-14.6348,-1.15152,healthy control
33.1703,-6.93704,7.8968,healthy control
31.5086,-9.74225,6.3608,healthy control
7.13714,-23.9609,-29.3705,healthy control
12.9791,-25.5873,-24.7468,healthy control
13.7524,-25.1441,-22.9413,healthy control
13.9129,-26.0553,-23.5765,healthy control
10.798,-24.6409,-27.1472,healthy control
15.8779,-25.3625,-21.6451,healthy control
9.31322,-24.8951,-27.5367,healthy control
10.4395,-25.5239,-26.9347,healthy control
9.99716,-24.8814,-27.3033,healthy control
11.354,-25.7444,-27.215,healthy control
13.768,-25.0812,-23.6335,healthy control
15.3719,-25.0137,-22.7872,healthy control
12.4748,-26.4264,-25.7928,healthy control
-9.65441,-12.1546,-37.9956,healthy control
-11.8124,-8.21169,-37.9007,healthy control
-14.9505,-5.46276,-40.1036,healthy control
-15.2178,-5.04758,-39.122,healthy control
-12.7252,-8.19396,-38.7309,healthy control
-13.2339,-7.05564,-38.9122,healthy control
-14.4108,-5.1521,-38.8713,healthy control
-13.5832,-7.17803,-38.9457,healthy control
-12.4738,-7.34018,-37.5197,healthy control
-14.2852,-5.08926,-38.1821,healthy control
-15.8814,-2.53665,-38.0725,healthy control
-16.3842,1.24414,-37.3922,healthy control
-19.0927,2.29036,-40.5893,healthy control
-8.75081,-12.7459,-37.1202,healthy control
-20.7723,24.7576,-33.8305,healthy control
-20.0667,25.6264,-33.5232,healthy control
-19.8449,23.9506,-32.729,healthy control
-19.109,25.8578,-31.2714,healthy control
-20.3177,23.1893,-34.0308,healthy control
-19.7306,24.9929,-32.5883,healthy control
-20.4244,23.7323,-33.9,healthy control
-20.9544,20.023,-35.4305,healthy control
-21.3853,14.9162,-38.3781,healthy control
-20.8337,19.5136,-35.6153,healthy control
-20.9279,23.6678,-34.3911,healthy control
-21.8567,16.7302,-37.803,healthy control
-20.8238,18.264,-36.6327,healthy control
-22.1123,19.4434,-36.36,healthy control
-21.5065,20.1363,-36.2571,healthy control
-20.6213,31.0477,-31.7697,healthy control
-19.841,34.4479,-29.3356,healthy control
-21.5677,28.6569,-34.605,healthy control
-20.2208,28.681,-33.1997,healthy control
-18.9611,41.2151,-26.1715,healthy control
-20.6052,27.729,-32.9315,healthy control
-20.1465,35.8387,-30.3021,healthy control
-20.2976,34.1606,-30.1546,healthy control
-19.3799,36.097,-28.4392,healthy control
-15.5589,43.8857,-24.9918,healthy control
-18.8696,41.4795,-26.1918,healthy control
-20.3278,29.249,-32.2352,healthy control
-19.0045,38.5725,-27.5188,healthy control
-20.0533,35.4333,-29.5103,healthy control
-18.1127,42.5608,-27.4734,healthy control
-16.8422,43.0562,-26.5754,healthy control
10.5069,37.8005,3.99286,healthy control
14.2005,35.0719,6.47798,healthy control
8.87565,36.9511,4.06446,healthy control
13.4919,36.8848,7.46492,healthy control
10.5735,36.7873,2.1373,healthy control
8.72662,5.37899,-22.3437,healthy control
6.00574,8.02479,-22.1982,healthy control
8.26489,4.51766,-24.0274,healthy control
6.85641,15.2307,-17.1324,healthy control
7.25219,32.5154,-2.34188,healthy control
15.7877,35.3002,10.8909,healthy control
19.0115,29.622,11.0653,healthy control
19.2958,29.7386,11.9752,healthy control
21.694,24.4159,12.7285,healthy control
23.1079,24.7909,13.5158,healthy control
22.2778,23.8428,12.9641,healthy control
19.8295,30.3002,11.6256,healthy control
19.0438,32.1872,11.8645,healthy control
21.7267,27.7615,12.83,healthy control
19.3501,29.1724,11.2118,healthy control
24.3394,25.6788,10.8184,healthy control
33.3052,7.05821,13.541,healthy control
33.3553,7.1559,14.3323,healthy control
32.8773,5.41021,11.608,healthy control
34.1991,6.26782,13.2865,healthy control
33.8348,0.678689,9.99872,healthy control
32.9096,4.89677,12.0992,healthy control
33.5676,8.39039,15.073,healthy control
32.4979,12.0663,15.4516,healthy control
34.5483,4.70218,12.278,healthy control
33.4849,10.2935,15.0365,healthy control
34.9945,3.50359,12.5143,healthy control
35.9188,4.4959,12.6508,healthy control
35.9938,-14.5119,0.946351,healthy control
32.2075,-16.6752,-2.14077,healthy control
30.7074,-19.3001,-6.07633,healthy control
29.0428,-20.5597,-7.49464,healthy control
25.8612,-23.5392,-13.4101,healthy control
23.6002,-23.4154,-13.0433,healthy control
22.9239,-24.1078,-15.8611,healthy control
33.5925,-18.2201,-2.25602,healthy control
34.0649,-15.2358,0.995562,healthy control
34.7297,-11.9127,4.67594,healthy control
35.7443,-4.62157,10.1056,healthy control
34.2402,-14.8361,0.770096,healthy control
35.6707,-8.18037,7.4496,healthy control
2.19684,-22.357,-35.5416,healthy control
0.00986907,-20.8675,-36.9064,healthy control
-2.30652,-19.2763,-37.7023,healthy control
-4.93199,-17.8748,-39.4079,healthy control
-3.08641,-18.4937,-37.3406,healthy control
-2.33017,-19.548,-38.3737,healthy control
-5.5003,-15.7311,-38.7672,healthy control
-8.17148,-13.2735,-39.7506,healthy control
-6.4079,-15.6314,-40.4133,healthy control
6.06824,-24.2218,-32.9536,healthy control
6.95353,-25.6761,-32.1107,healthy control
6.35656,-24.8107,-32.6635,healthy control
8.18507,-25.6295,-30.8963,healthy control
8.16889,-25.5455,-31.1369,healthy control
-18.7698,20.4042,-36.6994,healthy control
-20.7923,23.6452,-37.3178,healthy control
-18.8307,13.8153,-38.7983,healthy control
-17.2148,25.7322,-32.9312,healthy control
-20.7332,24.6093,-36.6011,healthy control
-19.6139,24.5832,-36.6685,healthy control
-19.3411,36.3937,-30.286,healthy control
-18.2114,36.1584,-28.0324,healthy control
-17.6534,29.6859,-30.3869,healthy control
-19.143,27.8116,-31.6658,healthy control
-17.9952,27.2611,-32.6077,healthy control
-18.0682,18.346,-32.6297,healthy control
-17.8228,19.304,-33.0961,healthy control
-18.2495,21.757,-34.2294,healthy control
-20.0425,13.3346,-39.8181,healthy control
-6.70293,42.2898,-30.2423,healthy control
-4.68978,43.9455,-25.0044,healthy control
-6.79238,45.8259,-26.1195,healthy control
-5.80524,44.3252,-26.5704,healthy control
-4.49208,42.5076,-25.5927,healthy control
-0.414706,44.1396,-24.453,healthy control
-2.81617,44.9486,-26.8247,healthy control
0.1463,46.8784,-23.7934,healthy control
-1.80035,44.3083,-24.908,healthy control
-4.02778,45.2751,-25.0758,healthy control
-4.36564,46.1862,-23.1583,healthy control
-9.43936,41.5902,-26.7137,healthy control
21.9204,1.76433,-32.2698,healthy control
23.9137,-1.1788,-31.7809,healthy control
26.325,-1.53513,-27.8489,healthy control
32.3689,-1.09334,-23.6356,healthy control
28.454,1.26866,-24.5574,healthy control
30.3963,2.79213,-16.378,healthy control
33.2718,2.80322,-16.6971,healthy control
31.6482,2.66707,-19.4916,healthy control
30.3884,0.631727,-22.3777,healthy control
29.6615,33.0815,3.3605,healthy control
27.51,36.9524,1.64868,healthy control
26.8848,37.0605,1.08671,healthy control
27.6949,35.8369,1.93732,healthy control
27.8816,37.0765,1.68266,healthy control
27.0514,35.1631,2.38469,healthy control
26.7544,38.0883,0.488377,healthy control
27.0313,36.5913,1.41096,healthy control
26.7773,38.7662,1.26372,healthy control
27.1337,35.7204,2.41619,healthy control
21.2234,42.2871,-3.26163,healthy control
25.1233,-15.9183,-36.2205,healthy control
25.5884,-13.707,-36.1292,healthy control
28.4914,-17.9159,-35.8601,healthy control
30.9961,-17.1086,-30.3655,healthy control
20.0698,-11.968,-42.006,healthy control
16.5199,-12.0504,-45.5659,healthy control
25.4572,-14.8185,-35.9901,healthy control
21.0948,-15.1246,-43.5412,healthy control
25.8754,-15.6142,-37.357,healthy control
20.0019,-12.5939,-40.9189,healthy control
19.5862,-13.7572,-42.2144,healthy control
23.559,-16.6025,-39.2634,healthy control
28.0004,-17.3881,-33.646,healthy control
32.9746,-12.3857,-26.6183,healthy control
19.1756,-17.2902,-46.543,healthy control
14.5651,-13.1619,-45.6845,healthy control
12.4476,-12.4296,-47.7212,healthy control
20.79,-16.6505,-40.3974,healthy control
16.4906,-14.6882,-44.0466,healthy control
18.9628,-16.6708,-43.9025,healthy control
20.8712,-16.571,-41.0089,healthy control
19.4803,-18.5845,-44.1511,healthy control
25.3978,-19.7678,-36.5968,healthy control
25.828,-19.6466,-35.6592,healthy control
32.0669,-20.9353,-31.0644,healthy control
23.7173,-27.8766,-37.5954,healthy control
9.1229,-22.014,-45.0876,healthy control
10.9824,-23.1512,-45.7722,healthy control
23.5729,-27.6764,-37.0508,healthy control
20.2523,-24.683,-40.0016,healthy control
17.2611,-21.6875,-45.6852,healthy control
30.492,-23.3428,-26.9801,healthy control
14.8619,-22.284,-43.8509,healthy control
19.8483,-24.4307,-41.7309,healthy control
23.7615,-24.8439,-36.9875,healthy control
30.5949,-24.7282,-28.8965,healthy control
22.868,-24.6741,-34.7903,healthy control
20.4807,-25.7855,-40.7559,healthy control
26.4658,32.8335,-20.5222,healthy control
32.1466,29.243,-18.3117,healthy control
32.4176,30.3812,-17.4234,healthy control
24.8649,32.7178,-20.8532,healthy control
31.8562,30.6609,-18.1082,healthy control
28.2691,34.2949,-17.0513,healthy control
19.2789,34.0672,-23.959,healthy control
22.9128,31.7673,-21.92,healthy control
25.9131,33.7893,-17.8836,healthy control
17.6935,35.5297,-24.2935,healthy control
20.7408,34.8211,-20.7034,healthy control
21.0082,33.2459,-23.5752,healthy control
20.7178,33.084,-23.7277,healthy control
22.9839,31.2317,-21.6835,healthy control
22.4866,33.9454,-20.4174,healthy control
17.1151,35.7397,-26.1987,healthy control
17.6401,34.0882,-24.5243,healthy control
10.7281,13.3123,-4.46168,healthy control
8.39972,13.82,-6.24251,healthy control
7.7398,6.02077,-6.87618,healthy control
9.48086,9.67556,-7.61754,healthy control
10.5355,8.73092,-7.03545,healthy control
8.40119,6.03279,-9.4345,healthy control
10.8736,11.3616,-5.64334,healthy control
18.9689,6.96755,-5.18349,healthy control
23.7816,4.85782,-5.39603,healthy control
23.94,-0.395404,-10.788,healthy control
13.6845,-3.74165,-20.3682,healthy control
23.8244,1.27699,-6.64841,healthy control
22.1019,-1.52193,-12.008,healthy control
16.2214,-2.37149,-14.9687,healthy control
22.9599,-0.85414,-7.57519,healthy control
17.7242,36.2129,7.64261,healthy control
11.8223,42.2227,1.28168,healthy control
11.9218,42.1841,2.48078,healthy control
14.9165,35.4394,3.72989,healthy control
16.8509,34.9607,2.04037,healthy control
12.469,41.4333,-2.60196,healthy control
12.1113,41.5699,1.18317,healthy control
13.1968,39.4614,4.84875,healthy control
17.676,37.2856,6.26811,healthy control
12.8435,38.2903,1.29085,healthy control
15.1678,34.2882,9.60096,healthy control
18.7291,30.32,11.5903,healthy control
22.658,23.4096,14.2361,healthy control
19.5756,28.5345,10.3311,healthy control
20.9796,31.07,10.3186,healthy control
17.0488,34.113,14.2403,healthy control
19.2178,29.6024,12.7009,healthy control
19.2618,27.2265,11.8244,healthy control
15.9822,31.5154,11.2246,healthy control
20.2682,23.9298,11.0361,healthy control
20.9735,29.4927,10.6113,healthy control
32.4359,15.3026,16.7845,healthy control
27.5983,22.914,17.6537,healthy control
32.7213,12.4171,13.7354,healthy control
34.4171,4.05806,13.9172,healthy control
31.7602,10.2539,15.2063,healthy control
33.733,10.3232,14.8976,healthy control
34.2825,6.66272,12.7495,healthy control
35.4171,13.1704,17.4855,healthy control
32.7149,14.1543,15.8854,healthy control
31.8312,14.1288,15.5635,healthy control
33.0014,4.35416,13.1663,healthy control
31.6392,9.70526,14.5181,healthy control
16.3742,-26.0345,-22.7743,healthy control
14.9823,-24.4835,-21.8213,healthy control
15.6492,-23.3003,-20.2953,healthy control
26.8387,-20.4854,-7.08534,healthy control
24.7539,-20.4957,-8.329,healthy control
15.1461,-24.9428,-23.8626,healthy control
9.37158,-24.6606,-27.551,healthy control
12.3694,-23.3373,-24.4253,healthy control
14.5632,-22.3907,-18.7234,healthy control
7.39972,-21.5582,-29.0765,healthy control
8.49732,-22.7945,-27.9427,healthy control
14.3422,-22.7628,-20.0834,healthy control
16.4697,-23.6443,-17.2884,healthy control
-9.8894,-5.80244,-32.4024,healthy control
-13.4372,-4.20108,-35.6434,healthy control
-17.4979,1.82051,-37.9261,healthy control
-10.4055,-10.2859,-36.3796,healthy control
-12.0521,-3.73724,-34.5999,healthy control
-16.4341,-1.91286,-38.2588,healthy control
-8.45846,-7.62911,-33.2973,healthy control
-10.7602,-9.21559,-35.4528,healthy control
0.225278,-18.176,-30.4951,healthy control
-11.6134,-7.65173,-35.9331,healthy control
-6.50578,-14.0758,-34.9312,healthy control
-3.83959,-15.5714,-32.0458,healthy control
3.56828,-21.1582,-29.8379,healthy control
2.14337,-20.9006,-31.1279,healthy control
-11.9357,-5.21797,-34.6907,healthy control
-19.0505,1.27443,-40.1164,healthy control
-16.3888,-2.65331,-38.7342,healthy control
-15.4995,-4.01049,-37.7345,healthy control
-12.6316,-7.70767,-37.4735,healthy control
-12.8183,-7.4201,-38.1846,healthy control
-10.2942,-7.41794,-35.1164,healthy control
-16.1279,3.47901,-37.5678,healthy control
-18.3518,9.2562,-39.1869,healthy control
-19.272,5.35634,-41.4727,healthy control
-18.8247,7.80381,-37.8455,healthy control
-19.5313,10.0277,-38.863,healthy control
-19.168,6.62666,-39.1284,healthy control
-15.8459,-2.91084,-38.1978,healthy control
-16.006,-0.768851,-37.627,healthy control
